FID,height,area,Additional_water,Ponding_level,Average_ponding_depth
0,75,2500.0,231.79999999999112,75.232,0.01159
1,75,937.5,1182.50000000002,76.183,0.16467
1,76,39062.5,182.49999999999392,76.182,0.16467
4,73,625.0,3004.399999998363,76.004,0.1937
5,73,13437.5,58.000000000000554,73.058,0.01556
7,73,2656.25,2452.199999998865,75.452,0.58413
8,78,12031.25,58.30000000000056,78.058,0.01402
9,72,2031.25,2428.299999998887,74.428,0.30212
10,71,781.25,3004.0999999983633,74.004,0.12463
12,75,1093.75,696.7000000000899,75.697,0.01524
13,76,2968.75,1962.1999999993109,77.962,0.57953
15,68,156.25,6245.50000000519,74.246,0.65967
15,70,312.5,4245.499999997914,74.245,0.65967
16,71,156.25,4388.199999998433,75.388,0.13205
18,73,312.5,942.6000000001458,73.943,0.00589
19,72,937.5,2723.3999999986186,74.723,0.56814
20,76,1250.0,2014.899999999263,78.015,0.01855
21,71,312.5,3092.299999998283,74.092,0.1158
22,63,1250.0,6309.100000005421,69.309,1.0043
23,72,3906.25,1741.7999999995113,73.742,0.58811
24,77,5468.75,1002.0000000001593,78.002,0.01104
25,72,8750.0,2076.0999999992073,74.076,0.22888
26,61,312.5,4442.29999999863,65.442,0.10715
31,72,2343.75,2077.399999999206,74.077,0.22695
32,72,937.5,314.60000000000304,72.315,0.0059
33,78,5000.0,1323.7999999998915,79.324,0.32562
34,72,5781.25,8.999999999999984,72.009,0.00103
39,77,12031.25,890.4000000001339,77.89,0.21425
40,71,2812.5,2077.7999999992057,73.078,0.37796
42,68,468.75,1815.2999999994445,69.815,0.06797
45,79,12968.75,463.1000000000368,79.463,0.1201
46,77,937.5,819.2000000001177,77.819,0.01536
49,71,1250.0,2007.8999999992693,73.008,0.01957
52,74,1093.75,3045.3999999983257,77.045,0.05743
53,76,3281.25,1095.5000000000991,77.096,0.0886
54,69,1718.75,2876.699999998479,71.877,0.21857
55,58,937.5,3908.199999997541,61.908,0.48803
59,79,937.5,1568.6999999996688,80.569,0.24089
60,62,3593.75,2263.299999999037,64.263,0.6049
61,63,1875.0,1757.9999999994966,64.758,0.27909
62,77,10781.25,1014.200000000162,78.014,0.02098
63,78,625.0,2109.599999999177,80.11,0.24146
65,70,937.5,1000.900000000159,71.001,0.0189
68,69,156.25,1926.0999999993437,70.926,0.00891
71,63,12187.5,76.29999999999994,63.076,0.01858
73,58,3906.25,3356.8999999980424,61.357,0.48406
76,70,1250.0,1179.6000000000226,71.18,0.05641
78,57,781.25,2548.8999999987773,59.549,0.13282
79,78,3593.75,51.40000000000046,78.051,0.00369
83,58,937.5,3146.6999999982336,61.147,0.57873
87,72,6718.75,181.299999999994,72.181,0.02436
88,70,1718.75,611.4000000000705,70.611,0.02102
90,61,781.25,1925.799999999344,62.926,0.16027
91,79,11875.0,897.7000000001356,79.898,0.2132
93,60,1250.0,2080.599999999203,62.081,0.2843
97,69,1250.0,1284.5999999999271,70.285,0.0988
99,59,625.0,2047.0999999992337,61.047,0.07325
100,64,8906.25,138.8999999999964,64.139,0.02474
101,79,4375.0,1058.5000000001328,80.059,0.12456
101,80,27343.75,58.50000000000056,80.058,0.12456
102,69,625.0,2076.399999999207,71.076,0.09811
107,61,75468.75,246.99999999999025,61.247,0.24691
109,78,781.25,2832.2999999985195,80.832,0.15923
110,61,7343.75,2112.499999999174,63.112,0.34387
110,62,32031.25,1112.5000000000837,63.113,0.34387
111,78,7343.75,55.200000000000514,78.055,0.0081
112,70,5000.0,1174.5000000000273,71.175,0.2654
112,71,50000.0,174.49999999999437,71.174,0.2654
116,58,156.25,4010.1999999974482,62.01,0.22774
117,69,3125.0,1047.300000000143,70.047,0.07431
118,80,12031.25,65.60000000000055,80.066,0.01577
120,65,14218.75,149.89999999999577,65.15,0.0426
121,61,625.0,302.2000000000002,61.302,0.00378
122,69,4843.75,420.70000000002716,69.421,0.04075
127,70,781.25,1017.8000000001629,71.018,0.0284
128,70,5156.25,1144.9000000000542,71.145,0.22882
129,62,1718.75,2327.299999998979,64.327,0.52582
130,63,468.75,1093.500000000101,64.094,0.01755
131,59,4687.5,2314.89999999899,61.315,0.70692
132,60,625.0,2603.7999999987273,62.604,0.57295
134,70,3593.75,1040.3000000001493,71.04,0.08508
135,61,3593.75,1843.299999999419,62.843,0.47242
136,68,1093.75,1133.6000000000645,69.134,0.08116
137,58,1093.75,75.39999999999999,58.075,0.00165
140,69,1093.75,2049.2999999992317,71.049,0.13947
143,61,5781.25,1178.9000000000233,62.179,0.25088
146,70,3593.75,1063.6000000001281,71.064,0.06932
149,51,312.5,17.399999999999977,51.017,0.00011
154,60,2656.25,330.3000000000066,60.33,0.01755
155,69,625.0,2065.399999999217,71.065,0.07255
156,61,7187.5,1.5000000000000002,61.002,0.0002
158,60,781.25,2.500000000000001,60.002,4e-05
161,63,156.25,5426.60000000221,68.427,0.59401
162,80,2031.25,1092.1000000001022,81.092,0.13068
168,59,3281.25,1210.099999999995,60.21,0.12272
169,68,156.25,1964.7999999993085,69.965,0.24129
173,58,1406.25,0.2,58.0,1e-05
176,61,6875.0,49.80000000000044,61.05,0.00684
177,67,1875.0,284.4999999999962,67.284,0.01067
179,60,5156.25,558.9000000000585,60.559,0.05763
182,65,2187.5,1114.2000000000821,66.114,0.06087
186,60,2968.75,932.4000000001435,60.932,0.05536
188,68,937.5,1523.7999999997096,69.524,0.11859
189,68,3437.5,1030.0000000001587,69.03,0.09593
191,125,1562.5,103.69999999999838,125.104,0.00324
195,60,1875.0,95.69999999999884,60.096,0.00359
198,58,625.0,560.2000000000588,58.56,0.007
200,80,18281.25,73.30000000000011,80.073,0.02678
202,60,4531.25,65.70000000000054,60.066,0.00595
204,60,2187.5,0.4,60.0,1e-05
206,68,2968.75,1061.50000000013,69.062,0.10107
206,69,30937.5,61.500000000000604,69.061,0.10107
208,60,7656.25,0.1,60.0,0.0
209,67,3437.5,129.8999999999969,67.13,0.00893
210,57,1562.5,61.500000000000604,57.062,0.00192
214,68,10625.0,1299.1999999999139,69.299,0.49795
218,64,1250.0,173.9999999999944,64.174,0.00435
219,59,468.75,654.4000000000802,59.654,0.00613
225,66,2968.75,1371.8999999998478,67.372,0.22669
230,66,1250.0,1072.50000000012,67.073,0.04107
233,66,4843.75,1471.0999999997575,67.471,0.5354
234,60,6093.75,633.8000000000756,60.634,0.07723
236,120,1406.25,4.699999999999999,120.005,0.00013
239,60,4843.75,707.9000000000924,60.708,0.06857
241,79,3750.0,178.29999999999416,79.178,0.01337
242,67,1718.75,61.80000000000061,67.062,0.00212
243,66,625.0,2487.2999999988333,68.487,0.61402
246,59,625.0,1308.899999999905,60.309,0.06558
248,66,781.25,300.2999999999998,66.3,0.00469
249,95,11250.0,27.40000000000012,95.027,0.00616
255,94,6406.25,191.09999999999343,94.191,0.02448
257,87,937.5,2627.9999999987053,89.628,0.91179
258,95,2031.25,167.79999999999475,95.168,0.00681
260,79,3593.75,88.19999999999926,79.088,0.00634
261,67,4062.5,21.500000000000036,67.022,0.00174
263,66,7968.75,1299.2999999999138,67.299,0.39314
264,67,6250.0,0.1,67.0,0.0
266,67,1093.75,2260.09999999904,69.26,0.16401
268,68,17187.5,258.9999999999904,68.259,0.08902
269,74,625.0,5346.500000001919,79.347,0.77034
269,75,1562.5,4346.499999998281,79.346,0.77034
271,58,625.0,1.9000000000000006,58.002,2e-05
273,95,15000.0,15.89999999999996,95.016,0.00476
274,67,781.25,1072.2000000001203,68.072,0.03412
275,58,1562.5,716.5000000000944,58.717,0.02239
276,65,1250.0,1208.2999999999965,66.208,0.12064
281,60,1093.75,735.2000000000986,60.735,0.01608
283,79,937.5,1109.1000000000868,80.109,0.04056
284,59,1718.75,0.4,59.0,1e-05
285,63,937.5,4536.599999998973,67.537,1.23949
292,62,18750.0,17.59999999999998,62.018,0.00658
293,68,15312.5,1047.5000000001428,69.048,0.07975
293,69,458593.75,47.500000000000405,69.047,0.07975
295,68,4531.25,1324.399999999891,69.324,0.36934
296,66,937.5,1353.3999999998646,67.353,0.12034
297,59,8593.75,20.40000000000002,59.02,0.0035
298,65,1093.75,3890.9999999975566,68.891,1.39552
299,60,12031.25,17.999999999999986,60.018,0.00431
301,69,1093.75,1643.199999999601,70.643,0.22689
302,65,7343.75,1309.2999999999047,66.309,0.43003
307,77,937.5,2723.2999999986187,79.723,0.40659
309,58,1562.5,225.29999999999148,58.225,0.00704
310,94,1250.0,101.49999999999851,94.102,0.00254
311,67,625.0,2599.699999998731,69.6,0.74166
312,65,5625.0,1033.7000000001553,66.034,0.14413
314,58,2812.5,38.10000000000027,58.038,0.00214
317,108,1875.0,747.7000000001015,108.748,0.02804
320,96,625.0,1191.5000000000118,97.192,0.03343
320,97,4843.75,191.4999999999934,97.191,0.03343
321,63,312.5,1110.1000000000859,64.11,0.03342
323,63,156.25,2632.699999998701,65.633,0.38094
324,67,6093.75,1714.1999999995364,68.714,0.66194
325,82,6250.0,36.900000000000254,82.037,0.00461
326,95,2500.0,161.19999999999513,95.161,0.00806
327,101,4375.0,470.70000000003853,101.471,0.04118
329,57,1093.75,1029.5000000001592,58.03,0.025
329,58,4218.75,29.50000000000015,58.029,0.025
330,71,312.5,1131.8000000000661,72.132,0.04741
331,58,2968.75,1181.1000000000213,59.181,0.23063
332,114,3593.75,441.2000000000318,114.441,0.03171
333,64,2656.25,1536.1999999996983,65.536,0.27597
337,65,3437.5,1381.399999999839,66.381,0.44775
338,61,6718.75,66.5000000000005,61.066,0.00892
339,72,2656.25,15.99999999999996,72.016,0.00085
340,65,4843.75,1788.4999999994689,66.788,0.67836
340,66,32031.25,788.5000000001107,66.789,0.67836
341,55,781.25,1753.6999999995005,56.754,0.0698
342,64,2500.0,16.399999999999963,64.016,0.00082
346,75,156.25,5013.000000000706,80.013,0.09493
348,58,625.0,493.0000000000436,58.493,0.00616
349,65,8593.75,1013.6000000001619,66.014,0.11139
350,66,1718.75,164.59999999999494,66.165,0.00566
352,63,312.5,3057.199999998315,66.057,0.29045
353,76,781.25,755.8000000001033,76.756,0.01181
354,99,1718.75,1033.5000000001555,100.034,0.04368
356,58,1562.5,1191.0000000000123,59.191,0.18047
357,56,781.25,0.4,56.0,0.0
359,65,781.25,73.10000000000012,65.073,0.00114
361,79,625.0,133.4999999999967,79.133,0.00167
362,62,1250.0,321.30000000000456,62.321,0.00803
363,56,312.5,283.9999999999961,56.284,0.00177
364,78,312.5,1726.2999999995254,79.726,0.02214
366,56,1718.75,0.4,56.0,1e-05
369,69,4843.75,1126.0000000000714,70.126,0.18658
371,59,1875.0,99.09999999999864,59.099,0.00371
372,110,1718.75,797.1000000001127,110.797,0.0274
373,64,16250.0,1100.4000000000947,65.1,0.27778
374,63,4375.0,1284.2999999999274,64.284,0.24826
376,100,781.25,520.0000000000497,100.52,0.00812
378,56,781.25,2101.899999999184,58.102,0.16084
379,96,5312.5,646.7000000000785,96.647,0.06871
380,71,625.0,1104.0000000000914,72.104,0.05472
382,60,1562.5,94.89999999999888,60.095,0.00296
384,67,781.25,2073.7999999992094,69.074,0.20603
385,98,1093.75,1285.3999999999264,99.285,0.06468
386,67,10156.25,1034.8000000001543,68.035,0.18015
389,97,1250.0,414.90000000002584,97.415,0.01037
392,60,3593.75,49.40000000000043,60.049,0.00355
393,60,1718.75,63.80000000000064,60.064,0.00219
394,55,468.75,1643.099999999601,56.643,0.0355
395,77,1093.75,3004.599999998363,80.005,0.07449
396,98,3750.0,109.59999999999805,98.11,0.00822
398,65,9843.75,1432.9999999997922,66.433,0.58546
400,98,5781.25,98.99999999999865,98.099,0.01144
402,80,1093.75,1698.8999999995503,81.699,0.08303
404,78,4843.75,235.09999999999093,78.235,0.02277
406,69,5937.5,1307.0999999999067,70.307,0.40605
408,78,781.25,1896.199999999371,79.896,0.03803
410,65,1093.75,2313.0999999989917,67.313,0.30308
412,65,3125.0,1230.1999999999766,66.23,0.24877
413,63,781.25,1707.099999999543,64.707,0.2388
414,77,3593.75,29.000000000000142,77.029,0.00208
417,70,3437.5,1052.0000000001387,71.052,0.10839
419,100,6250.0,842.600000000123,100.843,0.10531
422,94,937.5,1140.3000000000584,95.14,0.03278
423,65,937.5,3096.2999999982794,68.096,0.40744
424,67,3750.0,1744.4999999995089,68.744,0.56125
424,68,28906.25,744.5000000001007,68.745,0.56125
426,64,781.25,2524.5999999987994,66.525,0.66994
427,58,7031.25,1079.100000000114,59.079,0.18359
428,63,1562.5,2081.2999999992026,65.081,0.21717
431,60,1875.0,172.59999999999448,60.173,0.00647
432,80,156.25,1041.9000000001479,81.042,0.00378
433,83,156.25,36.40000000000025,83.036,0.00011
434,73,3750.0,179.4999999999941,73.179,0.01346
435,71,156.25,1124.200000000073,72.124,0.03378
436,57,2187.5,488.5000000000426,57.489,0.02137
437,61,1406.25,83.9999999999995,61.084,0.00236
438,64,4375.0,1055.3000000001357,65.055,0.12896
439,63,6250.0,296.899999999999,63.297,0.03711
440,61,1406.25,1016.7000000001626,62.017,0.03385
441,103,937.5,1045.9000000001442,104.046,0.02605
442,56,2500.0,23.000000000000057,56.023,0.00115
443,60,625.0,35.10000000000023,60.035,0.00044
446,64,4062.5,1002.4000000001594,65.002,0.08327
449,66,1250.0,2128.4999999991596,68.128,0.09249
449,67,1562.5,1128.5000000000691,68.129,0.09249
450,61,625.0,97.19999999999875,61.097,0.00121
451,72,312.5,3930.399999997521,75.93,0.12355
453,65,2031.25,2343.499999998964,67.343,0.52474
453,67,50000.0,343.5000000000096,67.344,0.52474
454,84,17343.75,10.29999999999998,84.01,0.00357
455,58,2343.75,22.000000000000043,58.022,0.00103
456,97,6093.75,125.19999999999716,97.125,0.01525
458,59,937.5,193.79999999999328,59.194,0.00363
459,68,625.0,2234.1999999990635,70.234,0.23516
460,64,13593.75,996.400000000158,64.996,0.27088
463,56,1562.5,333.7000000000074,56.334,0.01043
464,79,2812.5,190.19999999999348,79.19,0.0107
465,77,781.25,235.99999999999088,77.236,0.00369
469,82,13906.25,24.100000000000072,82.024,0.00668
471,83,21093.75,87.89999999999928,83.088,0.03706
472,77,781.25,2633.0999999987007,79.633,0.12153
473,64,2968.75,1425.1999999997993,65.425,0.48124
474,64,5000.0,1614.699999999627,65.615,0.67816
476,71,3437.5,1007.9000000001606,72.008,0.07474
477,73,312.5,5956.800000004139,78.957,0.5767
478,63,2187.5,2314.3999999989906,65.314,0.44731
479,73,156.25,2766.999999998579,75.767,0.06887
482,57,13437.5,1.4000000000000001,57.001,0.00036
485,57,781.25,1505.8999999997259,58.506,0.15947
486,80,1406.25,133.3999999999967,80.133,0.00375
488,102,625.0,1264.4999999999454,103.264,0.07448
490,102,3750.0,366.8000000000149,102.367,0.02751
491,93,8750.0,473.90000000003926,93.474,0.08292
492,64,937.5,1748.699999999505,65.749,0.17316
493,53,156.25,1155.100000000045,54.155,0.00894
494,53,781.25,189.5999999999935,53.19,0.00296
495,83,2500.0,104.89999999999831,83.105,0.00524
498,107,312.5,2394.7999999989174,109.395,0.08816
499,84,2812.5,0.4,84.0,2e-05
501,82,1250.0,1172.600000000029,83.173,0.10481
504,89,7031.25,360.1000000000134,89.36,0.05063
505,101,5000.0,454.3000000000348,101.454,0.04542
506,85,1718.75,1021.6000000001637,86.022,0.0438
507,80,1250.0,174.1999999999944,80.174,0.00435
509,60,5468.75,55.200000000000514,60.055,0.00603
514,64,2343.75,1121.8000000000752,65.122,0.16371
516,61,937.5,1151.800000000048,62.152,0.03629
517,64,2812.5,564.1000000000597,64.564,0.03173
518,72,1718.75,1004.3000000001598,73.004,0.03525
520,53,1562.5,16.699999999999967,53.017,0.00052
522,79,1718.75,27.600000000000122,79.028,0.00095
527,81,1875.0,337.50000000000824,81.338,0.01265
529,70,2968.75,1495.6999999997352,71.496,0.19878
530,56,1875.0,116.09999999999768,56.116,0.00435
531,66,1718.75,1720.4999999995307,67.72,0.39687
531,67,23437.5,720.5000000000953,67.721,0.39687
532,59,1093.75,49.700000000000436,59.05,0.00109
533,62,2812.5,1579.7999999996587,63.58,0.17038
534,63,13906.25,1277.3999999999337,64.277,0.39998
537,83,1718.75,174.79999999999436,83.175,0.00601
540,62,1718.75,487.10000000004226,62.487,0.01674
542,62,2031.25,1549.9999999996858,63.55,0.20733
547,62,781.25,1108.800000000087,63.109,0.0316
548,56,1562.5,68.70000000000037,56.069,0.00215
551,54,1718.75,125.99999999999712,54.126,0.00433
552,78,312.5,1915.999999999353,79.916,0.22378
556,66,1718.75,2897.9999999984598,68.898,1.12849
558,74,625.0,0.1,74.0,0.0
560,53,625.0,712.8000000000935,53.713,0.00891
561,83,3125.0,100.89999999999854,83.101,0.0063
564,57,781.25,187.39999999999364,57.187,0.00293
566,80,5156.25,956.4000000001489,80.956,0.09862
568,70,1562.5,1667.499999999579,71.667,0.08339
568,71,2343.75,667.5000000000832,71.668,0.08339
569,63,2031.25,3355.8999999980433,66.356,0.74397
570,102,1093.75,2089.9999999991946,104.09,0.13798
572,56,781.25,289.6999999999974,56.29,0.00453
573,91,2968.75,118.59999999999754,91.119,0.00704
574,77,3125.0,153.0999999999956,77.153,0.00957
575,56,937.5,113.19999999999784,56.113,0.00212
576,59,937.5,108.19999999999813,59.108,0.00203
579,57,312.5,765.1000000001054,57.765,0.00478
581,68,1718.75,2105.3999999991806,70.105,0.27749
583,61,2500.0,1369.2999999998501,62.369,0.13539
585,56,7500.0,59.80000000000058,56.06,0.00897
586,71,781.25,2642.499999998692,73.642,0.218
586,73,6562.5,642.5000000000775,73.643,0.218
588,83,1406.25,59.70000000000058,83.06,0.00168
590,61,3906.25,3249.59999999814,64.25,0.95605
592,80,2812.5,138.8999999999964,80.139,0.00781
593,58,781.25,2098.199999999187,60.098,0.12896
594,82,625.0,522.2000000000502,82.522,0.00653
597,57,625.0,846.3000000001239,57.846,0.01058
598,68,2812.5,2060.4999999992215,70.06,0.2646
598,69,11250.0,1060.500000000131,70.061,0.2646
600,64,156.25,3158.5999999982228,67.159,0.36699
601,55,1875.0,29.50000000000015,55.029,0.0011
602,95,156.25,4329.899999998221,99.33,0.52201
603,79,1562.5,1570.8999999996668,80.571,0.20785
607,72,7343.75,1346.9999999998704,73.347,0.4288
610,81,1093.75,1074.6000000001181,82.075,0.06938
611,61,1093.75,2160.6999999991303,63.161,0.13213
615,62,781.25,2036.5999999992432,64.037,0.21338
616,87,625.0,1487.3999999997427,88.487,0.0917
618,88,6562.5,980.5000000001544,88.981,0.12868
620,56,468.75,1104.400000000091,57.104,0.05077
621,55,3125.0,194.8999999999932,55.195,0.01218
622,56,7187.5,0.6,56.001,8e-05
624,55,5625.0,234.99999999999093,55.235,0.02643
625,83,6093.75,90.09999999999916,83.09,0.01097
626,55,1718.75,93.09999999999899,55.093,0.0032
627,62,3437.5,1140.3000000000584,63.14,0.20378
628,57,625.0,55.70000000000052,57.056,0.0007
632,61,1406.25,1650.1999999995946,62.65,0.15612
633,86,781.25,1566.7999999996705,87.567,0.06168
635,59,312.5,0.30000000000000004,59.0,0.0
637,86,937.5,518.3000000000493,86.518,0.00972
643,79,1250.0,348.90000000001083,79.349,0.00872
645,53,625.0,400.90000000002266,53.401,0.00501
651,76,937.5,1979.699999999295,77.98,0.32489
654,61,781.25,2955.2999999984077,63.955,0.86887
657,56,4375.0,122.09999999999734,56.122,0.01068
658,65,781.25,2101.499999999184,67.101,0.32744
658,66,13125.0,1101.5000000000937,67.102,0.32744
660,66,468.75,4164.499999997619,70.164,0.0619
660,69,156.25,2164.499999999127,71.164,0.0619
660,70,156.25,1164.5000000000364,71.165,0.0619
661,91,781.25,541.7000000000546,91.542,0.00846
662,61,3750.0,2061.89999999922,63.062,0.37704
663,56,2187.5,51.40000000000046,56.051,0.00225
665,79,937.5,1065.6000000001263,80.066,0.02305
666,55,2187.5,84.69999999999946,55.085,0.0037
668,55,468.75,1117.700000000079,56.118,0.01636
671,81,1093.75,2491.4999999988295,83.491,0.46439
671,83,29375.0,491.50000000004326,83.492,0.46439
672,68,1562.5,4332.099999998229,72.332,0.73991
673,55,5468.75,44.600000000000364,55.045,0.00488
675,85,625.0,2920.1999999984396,87.92,0.16889
677,70,156.25,9191.500000015907,79.192,0.93367
677,75,2031.25,4191.499999997717,79.191,0.93367
678,54,4531.25,44.000000000000355,54.044,0.00398
681,52,1250.0,313.80000000000285,52.314,0.00784
682,73,468.75,1780.599999999476,74.781,0.02645
683,55,468.75,879.2000000001314,55.879,0.00824
684,50,312.5,261.09999999999087,50.261,0.00163
690,78,156.25,2386.0999999989253,80.386,0.04189
691,66,1406.25,3306.2999999980884,69.306,0.63537
693,60,2031.25,3125.299999998253,63.125,0.40085
694,89,1250.0,37.000000000000256,89.037,0.00092
696,80,1562.5,65.00000000000058,80.065,0.00203
697,59,312.5,4260.2999999979675,63.26,0.50079
699,55,2656.25,296.99999999999903,55.297,0.01578
701,56,4218.75,19.500000000000007,56.02,0.00164
702,81,3437.5,1189.100000000014,82.189,0.15675
703,77,312.5,6258.600000005237,83.259,0.58963
704,60,468.75,3997.49999999746,63.997,1.38522
704,63,38437.5,997.5000000001583,63.998,1.38522
706,59,5312.5,4.100000000000001,59.004,0.00043
707,51,312.5,1080.9000000001124,52.081,0.00878
709,74,1875.0,2326.19999999898,76.326,0.37503
710,54,781.25,286.09999999999656,54.286,0.00447
711,96,3593.75,233.49999999999102,96.233,0.01678
712,83,4687.5,1999.6999999992768,85.0,0.54048
713,55,312.5,1004.1000000001598,56.004,0.00689
714,63,312.5,4731.199999999681,67.731,0.99874
717,73,312.5,2776.3999999985704,75.776,0.95607
719,61,1875.0,1938.5999999993323,62.939,0.39534
720,100,5000.0,173.7999999999944,100.174,0.01737
721,60,4531.25,126.49999999999709,60.127,0.01146
723,60,1562.5,3582.499999997837,63.582,0.94173
723,63,61562.5,582.5000000000639,63.583,0.94173
725,61,468.75,2165.8999999991256,63.166,0.27936
727,55,3906.25,85.6999999999994,55.086,0.00669
728,85,10937.5,6.199999999999994,85.006,0.00136
729,102,1093.75,1674.6999999995724,103.675,0.1062
730,61,781.25,3813.1999999976274,64.813,1.34364
736,73,3125.0,2263.499999999037,75.263,0.62255
737,95,312.5,7263.100000008892,102.263,0.99612
739,52,781.25,3.0000000000000013,52.003,5e-05
743,121,9375.0,86.89999999999934,121.087,0.01628
744,78,312.5,2069.2999999992135,80.069,0.02803
747,61,468.75,2572.9999999987554,63.573,0.69478
748,80,1406.25,928.3000000001425,80.928,0.02611
751,81,2968.75,1031.6000000001573,82.032,0.0729
752,57,937.5,6833.400000007328,63.833,1.37146
759,60,468.75,395.9000000000215,60.396,0.00371
760,54,625.0,306.1000000000011,54.306,0.00383
762,61,1093.75,1305.699999999908,62.306,0.07155
768,66,625.0,2829.9999999985216,68.83,0.99739
773,61,468.75,1173.700000000028,62.174,0.03922
774,57,781.25,20.100000000000016,57.02,0.00031
776,82,2968.75,55.10000000000051,82.055,0.00327
777,100,5781.25,1012.7000000001617,101.013,0.11935
778,62,5312.5,1723.5999999995279,63.724,0.80391
783,82,625.0,975.6000000001533,82.976,0.01219
784,77,312.5,1128.2000000000694,78.128,0.00985
786,92,1250.0,304.10000000000065,92.304,0.0076
787,60,2812.5,1304.8999999999087,61.305,0.17722
788,83,937.5,1042.7000000001472,84.043,0.02408
789,105,1406.25,1655.19999999959,106.655,0.10182
790,101,1093.75,1895.5999999993714,102.896,0.12263
792,83,2500.0,1882.899999999383,84.883,0.30107
793,109,3593.75,341.7000000000092,109.342,0.02455
794,62,12500.0,2010.5999999992669,64.011,0.40765
795,83,781.25,317.5000000000037,83.318,0.00496
797,58,312.5,5259.5000000016025,63.26,0.85167
797,59,781.25,4259.499999997965,63.259,0.85167
800,102,937.5,1054.0000000001369,103.054,0.02937
801,61,937.5,1656.0999999995893,62.656,0.13561
802,67,312.5,4896.700000000283,71.897,1.04209
804,76,3125.0,2421.699999998893,78.422,0.67296
807,56,625.0,233.19999999999104,56.233,0.00291
809,61,6875.0,483.10000000004135,61.483,0.06642
811,62,468.75,5098.900000001018,67.099,0.50865
813,109,6250.0,3.4000000000000017,109.003,0.00042
814,61,312.5,1019.2000000001632,62.019,0.00691
815,133,1093.75,15.69999999999996,133.016,0.00034
818,80,156.25,4019.7999999974395,84.02,0.30958
820,107,468.75,563.2000000000595,107.563,0.00528
821,90,1718.75,2059.699999999222,92.06,0.17085
822,57,5625.0,183.99999999999383,57.184,0.02069
825,89,5000.0,2.600000000000001,89.003,0.00025
826,62,1093.75,1173.600000000028,63.174,0.1005
828,81,5000.0,1864.2999999994,82.864,0.71305
829,58,4062.5,20.50000000000002,58.02,0.00166
830,89,312.5,60.30000000000059,89.06,0.00038
831,81,937.5,674.6000000000848,81.675,0.01265
835,146,4687.5,317.6000000000037,146.318,0.02977
836,105,6562.5,553.3000000000573,105.553,0.07262
837,62,625.0,2276.8999999990247,64.277,0.47385
838,91,2187.5,160.69999999999516,91.161,0.00703
841,62,5000.0,1096.5000000000982,63.097,0.18381
841,63,38437.5,96.49999999999879,63.096,0.18381
842,62,5156.25,62.200000000000614,62.062,0.00641
843,60,3906.25,932.5000000001435,60.933,0.07285
845,82,781.25,828.1000000001197,82.828,0.01294
848,56,312.5,1009.600000000161,57.01,0.00768
849,63,156.25,460.20000000003614,63.46,0.00144
850,104,781.25,369.70000000001556,104.37,0.00578
852,60,156.25,1664.5999999995815,61.665,0.32917
855,110,156.25,1205.9999999999986,111.206,0.01214
856,59,312.5,2036.2999999992435,61.036,0.05442
858,62,2500.0,2067.0999999992155,64.067,0.23434
860,88,4375.0,1002.9000000001595,89.003,0.08884
861,75,5000.0,3419.999999997985,78.42,0.99498
862,61,1093.75,1861.2999999994026,62.861,0.13491
863,56,1406.25,1031.800000000157,57.032,0.04885
866,84,2187.5,1134.4000000000638,85.134,0.09202
868,80,2500.0,1636.499999999607,81.636,0.2091
868,81,10000.0,636.5000000000762,81.637,0.2091
869,94,468.75,1920.6999999993486,95.921,0.05828
870,106,2656.25,1612.299999999629,107.612,0.20427
874,66,625.0,3218.599999998168,69.219,0.58144
877,69,312.5,5940.000000004078,74.94,1.51161
879,89,6093.75,320.2000000000043,89.32,0.03901
883,60,4062.5,1093.7000000001008,61.094,0.17365
884,62,1562.5,2242.199999999056,64.242,0.43712
888,80,625.0,3897.8999999975504,83.898,0.68188
892,54,312.5,1272.4999999999382,55.272,0.01476
895,62,781.25,5779.0000000034925,67.779,1.62541
898,104,937.5,1232.099999999975,105.232,0.12461
900,82,781.25,1119.900000000077,83.12,0.02237
905,147,2343.75,1033.9000000001552,148.034,0.05651
906,68,312.5,4874.800000000203,72.875,1.46039
907,83,1093.75,3014.9999999983534,86.015,0.38537
908,61,6718.75,1274.6999999999362,62.275,0.36858
911,60,312.5,1842.09999999942,61.842,0.17992
913,65,625.0,4443.799999998635,69.444,0.35462
915,81,156.25,1889.0999999993774,82.889,0.02257
916,83,781.25,389.7000000000201,83.39,0.00609
919,61,3281.25,1142.2000000000567,62.142,0.16516
924,105,781.25,1034.000000000155,106.034,0.017
925,79,3437.5,3110.5999999982664,82.111,0.63047
926,118,1406.25,207.4999999999925,118.207,0.00583
928,54,937.5,7.599999999999989,54.008,0.00014
929,61,15625.0,1222.6999999999834,62.223,0.44104
933,108,1406.25,2569.7999999987583,110.57,0.15251
934,62,781.25,4375.1999999983855,66.375,0.8209
935,60,3281.25,654.8000000000803,60.655,0.04297
936,72,1406.25,3334.5999999980627,75.335,0.81262
937,59,1093.75,4032.7999999974277,63.033,0.28473
939,57,781.25,75.10000000000001,57.075,0.00117
940,58,625.0,2795.0999999985534,60.795,0.1917
947,68,781.25,4613.299999999252,72.613,0.60558
950,81,1562.5,3028.599999998341,84.029,0.36147
951,61,1250.0,1082.2000000001112,62.082,0.10332
952,80,937.5,2911.4999999984475,82.911,1.09777
952,82,41875.0,911.5000000001387,82.912,1.09777
955,57,937.5,44.000000000000355,57.044,0.00082
957,61,1718.75,3170.399999998212,64.17,0.42617
959,115,2187.5,910.1000000001384,115.91,0.03982
961,113,4687.5,628.5000000000744,113.629,0.05892
962,81,4062.5,2545.4999999987804,83.545,0.62502
962,83,10000.0,545.5000000000555,83.546,0.62502
963,60,3125.0,2018.7999999992594,62.019,0.20191
965,92,1250.0,1427.4999999997972,93.427,0.09847
965,93,7343.75,427.5000000000287,93.428,0.09847
967,88,1093.75,2307.9999999989964,90.308,0.47207
968,118,156.25,1162.700000000038,119.163,0.00973
969,94,1718.75,1411.299999999812,95.411,0.13461
971,78,468.75,1395.799999999826,79.396,0.01556
974,57,2343.75,9.399999999999983,57.009,0.00044
978,112,312.5,2076.9999999992065,114.077,0.05844
979,90,4375.0,83.89999999999951,90.084,0.00734
983,80,1093.75,3089.3999999982857,83.089,0.51665
985,55,5468.75,216.89999999999196,55.217,0.02372
986,81,625.0,2895.599999998462,83.896,0.35865
987,64,8125.0,2043.8999999992366,66.044,0.28915
988,79,625.0,4387.599999998431,83.388,0.88342
991,84,2656.25,2262.6999999990376,86.263,0.57025
992,58,3281.25,1854.199999999409,59.854,0.25515
994,72,1875.0,2950.699999998412,74.951,0.44677
999,90,1875.0,995.7000000001578,90.996,0.03734
1001,63,3125.0,3322.099999998074,66.322,0.79968
1002,101,5000.0,615.7000000000714,101.616,0.06157
1005,76,1718.75,2809.99999999854,78.81,1.00536
1007,53,468.75,131.6999999999968,53.132,0.00123
1008,105,2500.0,1180.9000000000215,106.181,0.12516
1009,108,156.25,1629.5999999996134,109.63,0.10346
1010,94,937.5,1652.4999999995925,95.652,0.22876
1010,95,15156.25,652.5000000000798,95.653,0.22876
1011,63,3750.0,2428.399999998887,65.428,0.68741
1012,94,156.25,1048.2000000001422,95.048,0.00884
1013,109,468.75,3919.5999999975306,112.92,0.45449
1014,95,4531.25,1220.999999999985,96.221,0.1645
1017,83,312.5,4076.399999997388,87.076,0.61122
1018,82,5156.25,2607.7999999987237,84.608,0.9689
1023,56,781.25,3853.399999997591,59.853,0.28646
1028,60,2500.0,356.6000000000126,60.357,0.01783
1029,93,1718.75,2081.799999999202,95.082,0.35815
1030,96,6250.0,1086.6000000001072,97.087,0.19584
1034,139,1718.75,1003.3000000001596,140.003,0.03504
1036,66,2187.5,2431.0999999988844,68.431,0.6951
1037,132,1250.0,1427.9999999997967,133.428,0.0464
1038,60,1718.75,823.6000000001187,60.824,0.02831
1040,126,1406.25,51.20000000000046,126.051,0.00144
1043,59,2343.75,1372.2999999998474,60.372,0.2481
1046,88,2812.5,3440.0999999979667,91.44,0.97817
1049,67,1718.75,4598.299999999197,71.598,1.39886
1050,77,1093.75,3352.799999998046,80.353,0.65775
1054,57,4531.25,6.799999999999992,57.007,0.00061
1055,135,1718.75,977.3000000001537,135.977,0.03359
1059,90,781.25,3103.499999998273,93.103,0.3024
1059,92,5781.25,1103.5000000000919,93.104,0.3024
1061,95,1875.0,1626.1999999996165,96.626,0.18231
1063,82,1250.0,62.60000000000062,82.063,0.00156
1064,120,625.0,2428.499999998887,122.428,0.05758
1064,122,1093.75,428.50000000002893,122.429,0.05758
1065,129,2812.5,300.3999999999998,129.3,0.01689
1071,97,1875.0,1772.999999999483,98.773,0.35877
1072,96,1718.75,2245.899999999053,98.246,0.40358
1073,71,4218.75,2917.8999999984417,73.918,1.3435
1074,62,1875.0,4263.099999997978,66.263,1.09377
1076,59,4687.5,1585.4999999996535,60.585,0.45234
1076,60,25937.5,585.5000000000646,60.586,0.45234
1077,60,2656.25,3207.899999998178,63.208,0.45803
1081,52,312.5,992.4000000001571,52.992,0.0062
1083,59,3281.25,1236.399999999971,60.236,0.15131
1090,119,156.25,2139.7999999991493,121.14,0.08128
1092,120,1093.75,2020.8999999992575,122.021,0.06491
1093,83,6250.0,3280.199999998112,86.28,0.74356
1099,102,5625.0,1111.4000000000847,103.111,0.18487
1100,101,5468.75,508.4000000000471,101.508,0.0556
1101,125,7500.0,223.2999999999916,125.223,0.03349
1103,54,2031.25,102.69999999999844,54.103,0.00417
1109,133,781.25,29.400000000000148,133.029,0.00046
1110,60,156.25,5148.700000001199,65.149,1.30267
1111,117,312.5,2161.8999999991292,119.162,0.05428
1112,84,312.5,5238.400000001526,89.238,0.39617
1113,80,937.5,3341.3999999980565,83.341,0.73242
1118,52,468.75,48.200000000000415,52.048,0.00045
1120,81,937.5,6735.3000000069715,87.735,1.37343
1122,58,2187.5,1095.2000000000994,59.095,0.0955
1124,81,11718.75,2056.8999999992247,83.057,0.45942
1125,101,781.25,1376.6999999998434,102.377,0.05329
1126,59,625.0,1039.7000000001499,60.04,0.04971
1128,79,625.0,524.0000000000506,79.524,0.00655
1129,56,2187.5,578.0000000000629,56.578,0.02529
1132,65,6093.75,1846.499999999416,66.846,0.71176
1132,66,28750.0,846.5000000001239,66.847,0.71176
1134,70,2187.5,3634.0999999977903,73.634,1.1293
1135,65,7812.5,1646.9999999995975,66.647,0.78433
1137,59,937.5,2027.8999999992511,61.028,0.20615
1138,53,625.0,215.29999999999205,53.215,0.00269
1139,54,625.0,1206.9999999999977,55.207,0.05971
1140,74,625.0,5006.100000000681,79.006,0.6885
1141,112,1562.5,205.5999999999926,112.206,0.00642
1143,84,4062.5,2648.8999999986863,86.649,1.04409
1145,84,1406.25,6959.300000007786,90.959,1.3069
1146,60,937.5,1966.5999999993069,61.967,0.98419
1147,58,2031.25,24.100000000000072,58.024,0.00098
1148,85,1875.0,6355.000000005588,91.355,1.92016
1149,58,8125.0,596.9000000000672,58.597,0.09699
1150,130,312.5,6.499999999999993,130.006,4e-05
1154,101,3593.75,773.5000000001073,101.774,0.05559
1155,60,3281.25,1963.4999999993097,61.963,0.42691
1155,61,15468.75,963.5000000001505,61.964,0.42691
1158,101,312.5,1999.2999999992771,102.999,0.09369
1162,86,4218.75,3035.7999999983344,89.036,0.67523
1165,136,5468.75,65.50000000000055,136.066,0.00716
1167,57,2968.75,590.4000000000657,57.59,0.03505
1168,129,1093.75,1043.1000000001468,130.043,0.02967
1169,57,3906.25,84.79999999999946,57.085,0.00662
1170,102,5000.0,724.3000000000961,102.724,0.07242
1172,68,1250.0,2655.2999999986805,70.655,0.5409
1175,59,156.25,1702.699999999547,60.703,0.13707
1177,51,937.5,2378.999999998932,53.379,0.13151
1179,75,625.0,3415.1999999979894,78.415,0.97779
1180,63,625.0,4028.6999999974314,67.029,0.68792
1182,51,937.5,618.8000000000721,51.619,0.0116
1183,58,10000.0,72.70000000000014,58.073,0.01454
1185,54,2812.5,1253.6999999999553,55.254,0.15296
1188,57,6250.0,202.3999999999928,57.202,0.02529
1190,103,5937.5,2010.6999999992668,105.011,0.46965
1193,71,1250.0,2290.599999999012,73.291,0.30852
1196,82,1093.75,3490.0999999979213,85.49,0.89133
1197,88,468.75,2318.399999998987,90.318,0.50406
1199,70,312.5,5242.500000001541,75.243,0.70265
1199,71,1406.25,4242.499999997903,75.242,0.70265
1201,133,1562.5,1094.2000000001003,134.094,0.04625
1203,121,937.5,1668.0999999995784,122.668,0.06885
1204,58,3750.0,267.09999999999224,58.267,0.02003
1206,65,2343.75,3200.099999998185,68.2,0.53905
1207,194,156.25,2860.199999998494,196.86,0.034
1208,81,1250.0,11.999999999999973,81.012,0.0003
1217,59,5156.25,262.5999999999912,59.263,0.02708
1222,81,312.5,666.8000000000831,81.667,0.00417
1223,60,1250.0,1063.2000000001285,61.063,0.08124
1224,84,468.75,4035.799999997425,88.036,0.59961
1227,63,18437.5,357.2000000000127,63.357,0.1317
1228,85,1875.0,2988.899999998377,87.989,1.30768
1231,108,3437.5,125.59999999999714,108.126,0.00863
1232,61,5468.75,966.4000000001512,61.966,0.10569
1233,105,5937.5,1185.1000000000176,106.185,0.26391
1234,80,7500.0,3190.5999999981937,83.191,0.67803
1235,98,781.25,2206.7999999990884,100.207,0.29325
1238,52,2031.25,283.699999999996,52.284,0.01152
1240,104,937.5,1237.7999999999697,105.238,0.03732
1243,66,625.0,4135.099999997512,70.135,0.38643
1244,141,6562.5,61.2000000000006,141.061,0.00802
1245,83,156.25,5399.900000002113,88.4,1.49138
1246,77,1875.0,2484.7999999988356,79.485,0.43496
1247,107,5000.0,2240.299999999058,109.24,0.52617
1249,51,625.0,860.6000000001271,51.861,0.01076
1252,60,781.25,4194.99999999773,64.195,0.59498
1254,60,937.5,1149.3000000000502,61.149,0.11715
1255,140,1093.75,76.39999999999993,140.076,0.00167
1256,76,1406.25,3087.099999998288,79.087,0.63673
1257,57,2968.75,739.5000000000996,57.74,0.04391
1258,56,6406.25,111.19999999999796,56.111,0.01424
1259,131,156.25,1115.9000000000806,132.116,0.0053
1260,59,2812.5,1020.4000000001635,60.02,0.07177
1261,54,2343.75,918.8000000001404,54.919,0.04307
1262,60,625.0,1889.6999999993768,61.89,0.04864
1263,61,1562.5,1001.5000000001592,62.002,0.03164
1269,101,6093.75,1401.9999999998204,102.402,0.26884
1272,109,156.25,1253.899999999955,110.254,0.01185
1274,59,2031.25,1046.9000000001433,60.047,0.05088
1275,81,781.25,5002.000000000666,86.002,0.58188
1278,53,468.75,1606.4999999996344,54.606,0.0378
1278,54,1875.0,606.5000000000693,54.607,0.0378
1280,88,937.5,3444.199999997963,91.444,0.86976
1281,91,937.5,4748.099999999742,95.748,1.26673
1285,106,5937.5,1262.3999999999473,107.262,0.31471
1288,69,2812.5,2455.799999998862,71.456,0.89049
1294,73,1406.25,2709.3999999986313,75.709,1.01649
1296,59,625.0,1238.8999999999687,60.239,0.05804
1297,138,625.0,1.3,138.001,2e-05
1299,118,156.25,1190.9000000000124,119.191,0.04667
1300,143,1875.0,65.60000000000055,143.066,0.00246
1301,62,13906.25,4.100000000000001,62.004,0.00114
1304,111,156.25,1504.9999999997267,112.505,0.01575
1305,86,937.5,7.699999999999989,86.008,0.00014
1306,59,4218.75,252.79999999998992,59.253,0.02133
1308,57,10312.5,268.1999999999925,57.268,0.0553
1310,50,1406.25,2004.999999999272,52.005,0.08817
1311,57,781.25,1635.6999999996078,58.636,0.15071
1314,63,7500.0,571.7000000000614,63.572,0.08575
1315,107,156.25,2179.0999999991136,109.179,0.27914
1318,85,781.25,21.10000000000003,85.021,0.00033
1319,56,6562.5,91.69999999999906,56.092,0.01203
1322,125,2812.5,340.10000000000883,125.34,0.01913
1323,91,1406.25,3297.6999999980962,94.298,0.53652
1324,81,2343.75,3191.9999999981924,84.192,0.68091
1329,64,3437.5,2543.3999999987823,66.543,0.91449
1331,120,1718.75,1543.9999999996912,121.544,0.09047
1334,67,4531.25,2177.9999999991146,69.178,0.52456
1335,101,1406.25,4376.999999998392,105.377,0.87258
1339,92,3125.0,1481.9999999997476,93.482,0.22366
1340,122,312.5,2318.099999998987,124.318,0.07285
1342,91,1093.75,3937.4999999975144,94.937,1.24274
1342,94,20000.0,937.5000000001446,94.938,1.24274
1343,59,1718.75,1047.8000000001425,60.048,0.06543
1344,53,312.5,986.4000000001557,53.986,0.00616
1345,81,937.5,3528.0999999978867,84.528,0.99984
1347,137,781.25,264.09999999999155,137.264,0.00413
1351,66,468.75,7163.000000008527,73.163,1.06711
1352,58,937.5,1019.1000000001632,59.019,0.03533
1355,82,2343.75,3150.79999999823,85.151,0.67987
1358,61,1562.5,2387.0999999989244,63.387,0.36196
1360,152,312.5,254.59999999998982,152.255,0.00159
1362,53,1875.0,313.30000000000274,53.313,0.01175
1364,93,781.25,3604.9999999978168,96.605,0.78297
1366,85,1406.25,78.99999999999979,85.079,0.00222
1369,79,937.5,3911.599999997538,82.912,1.39103
1373,72,312.5,2995.1999999983714,74.995,0.79376
1375,137,2343.75,515.5000000000487,137.516,0.02416
1376,78,625.0,3279.7999999981125,81.28,0.74563
1378,67,1093.75,391.5000000000205,67.392,0.00856
1382,139,781.25,15.399999999999961,139.015,0.00024
1385,83,937.5,5047.800000000832,88.048,0.89685
1388,151,781.25,279.299999999995,151.279,0.00436
1389,92,3281.25,5731.800000003321,97.732,1.98034
1391,166,781.25,41.30000000000032,166.041,0.00065
1393,131,312.5,2412.799999998901,133.413,0.05705
1395,53,781.25,1248.2999999999602,54.248,0.0389
1396,87,4375.0,2406.6999999989066,89.407,0.72552
1397,68,937.5,2771.9999999985744,70.772,0.67072
1398,57,1406.25,1026.0000000001623,58.026,0.03437
1400,64,3750.0,2104.999999999181,66.105,0.43742
1405,66,1250.0,1118.2000000000785,67.118,0.08078
1409,50,312.5,2110.499999999176,52.11,0.06001
1409,51,1875.0,1110.5000000000855,52.111,0.06001
1410,53,156.25,2244.1999999990544,55.244,0.03256
1413,121,1875.0,1072.9000000001197,122.073,0.05412
1414,88,937.5,73.20000000000012,88.073,0.00137
1416,72,2500.0,4433.499999998598,76.433,1.2094
1416,76,40625.0,433.50000000003007,76.434,1.2094
1417,55,625.0,1086.4000000001074,56.086,0.03058
1418,133,1562.5,1207.2999999999975,134.207,0.0578
1419,126,625.0,1313.8999999999005,127.314,0.04389
1420,112,2343.75,3706.6999999977243,115.707,0.41232
1421,70,1406.25,4279.799999998038,74.28,0.74327
1423,114,625.0,4459.299999998691,118.459,0.89406
1424,131,156.25,1582.0999999996566,132.582,0.06679
1425,69,2187.5,1647.7999999995968,70.648,0.19355
1426,63,7500.0,31.00000000000017,63.031,0.00465
1429,57,4218.75,529.7000000000519,57.53,0.04469
1433,51,625.0,2164.599999999127,53.165,0.10944
1437,83,6718.75,2781.5999999985656,85.782,1.26055
1438,58,625.0,861.8000000001274,58.862,0.01077
1442,58,1875.0,1340.3999999998764,59.34,0.3236
1445,157,1406.25,25.600000000000094,157.026,0.00072
1446,97,312.5,3334.9999999980623,100.335,0.35321
1447,93,1875.0,3793.4999999976453,96.793,1.37296
1447,96,50156.25,793.5000000001119,96.794,1.37296
1449,101,937.5,2554.499999998772,103.554,0.78544
1449,103,32343.75,554.5000000000575,103.555,0.78544
1452,59,17656.25,1.0999999999999999,59.001,0.00036
1455,105,1250.0,3032.999999998337,108.033,0.10555
1460,88,468.75,5146.500000001191,93.147,1.01806
1460,89,5312.5,4146.4999999975535,93.146,1.01806
1467,109,1250.0,3806.5999999976334,112.807,0.9439
1468,76,781.25,2680.3999999986577,78.68,0.29372
1469,128,781.25,2222.1999999990744,130.222,0.26108
1471,86,1718.75,2832.0999999985197,88.832,1.06381
1474,116,2968.75,1316.4999999998981,117.316,0.10981
1474,117,5000.0,316.50000000000347,117.317,0.10981
1475,145,937.5,254.9999999999898,145.255,0.00478
1476,78,937.5,3249.79999999814,81.25,0.77163
1479,146,2656.25,27.40000000000012,146.027,0.00146
1480,101,1562.5,3107.599999998269,104.108,0.68609
1482,56,3750.0,12.099999999999973,56.012,0.0009
1487,88,625.0,4036.699999997424,92.037,0.57963
1488,90,2968.75,3152.1999999982286,93.152,0.68836
1490,77,468.75,6173.200000004927,83.173,0.77401
1492,81,1562.5,4300.599999998114,85.301,0.81763
1496,52,5000.0,707.4000000000923,52.707,0.07073
1502,154,2187.5,612.1000000000706,154.612,0.02678
1503,73,1250.0,2283.6999999990185,75.284,0.55107
1510,78,5156.25,3123.999999998254,81.124,0.67378
1511,102,1093.75,5570.300000002733,107.57,1.24209
1512,71,1718.75,1289.199999999923,72.289,0.14914
1513,58,1250.0,94.99999999999888,58.095,0.00237
1514,102,2031.25,2603.4999999987276,104.603,0.23686
1514,104,4218.75,603.5000000000687,104.604,0.23686
1515,79,937.5,2456.3999999988614,81.456,0.66971
1518,53,1093.75,574.400000000062,53.574,0.01256
1519,102,312.5,3371.1999999980294,105.371,0.28519
1520,89,1718.75,2898.0999999984597,91.898,0.8105
1523,134,625.0,2114.5999999991723,136.115,0.06002
1525,140,468.75,1084.5000000001091,141.085,0.01201
1525,141,1093.75,84.49999999999947,141.084,0.01201
1526,130,156.25,1491.6999999997388,131.492,0.01388
1527,76,5312.5,2009.299999999268,78.009,0.40186
1528,84,1093.75,3979.3999999974762,87.979,1.48826
1530,148,625.0,1385.1999999998357,149.385,0.02213
1533,58,11562.5,75.49999999999999,58.075,0.01746
1536,87,625.0,3300.4999999980937,90.3,0.5956
1538,294,312.5,439.4000000000314,294.439,0.00275
1539,68,625.0,2226.89999999907,70.227,0.15708
1541,127,1250.0,3555.199999997862,130.555,0.5863
1543,70,156.25,5412.200000002158,75.412,0.84298
1549,163,781.25,685.4000000000873,163.685,0.01071
1551,87,1093.75,3131.899999998247,90.132,0.42886
1552,56,625.0,104.29999999999835,56.104,0.0013
1559,116,468.75,3460.9999999979477,119.461,0.17517
1560,110,3906.25,1522.0999999997111,111.522,0.2592
1561,105,468.75,4561.199999999062,109.561,1.62556
1566,73,10625.0,1.7000000000000004,73.002,0.00035
1568,75,28125.0,964.5000000001507,75.965,0.54252
1569,187,625.0,1157.100000000043,188.157,0.02035
1572,200,1093.75,407.3000000000241,200.407,0.00891
1574,65,7968.75,108.5999999999981,65.109,0.0173
1575,126,937.5,3165.1999999982168,129.165,0.18782
1580,84,2968.75,2063.099999999219,86.063,0.33765
1582,164,156.25,185.19999999999376,164.185,0.00058
1583,105,625.0,2577.599999998751,107.578,0.44383
1588,83,3593.75,1605.5999999996352,84.606,0.40116
1590,53,312.5,12.299999999999972,53.012,8e-05
1595,53,3281.25,507.70000000004694,53.508,0.03331
1598,143,312.5,2312.4999999989923,145.312,0.06835
1600,130,468.75,1280.0999999999312,131.28,0.04963
1601,100,312.5,4050.7999999974113,104.051,0.64437
1603,167,625.0,2543.1999999987825,169.543,0.08252
1604,144,2812.5,215.59999999999204,144.216,0.01212
1605,140,312.5,3464.7999999979443,143.465,0.10329
1605,142,156.25,2464.7999999988538,144.465,0.10329
1606,151,625.0,9.99999999999998,151.01,0.00012
1608,80,312.5,3293.5999999981,83.294,0.61084
1614,51,1093.75,1537.4999999996971,52.537,0.10585
1614,52,6718.75,537.5000000000537,52.538,0.10585
1615,155,781.25,1699.7999999995495,156.7,0.0528
1616,69,625.0,2149.3999999991406,71.149,0.38221
1618,50,625.0,519.8000000000496,50.52,0.0065
1623,181,781.25,89.89999999999917,181.09,0.0014
1624,181,1093.75,464.5000000000371,181.465,0.01016
1625,175,1562.5,817.2000000001173,175.817,0.02554
1627,155,781.25,2.1000000000000005,155.002,3e-05
1628,92,2812.5,3367.099999998033,95.367,0.88158
1629,94,3125.0,2578.4999999987504,96.578,0.90281
1629,96,34687.5,578.500000000063,96.579,0.90281
1630,82,1250.0,2751.9999999985926,84.752,1.03825
1631,84,312.5,7127.400000008398,91.127,1.6247
1632,61,3281.25,147.89999999999588,61.148,0.0097
1635,72,2343.75,2267.3999999990333,74.267,0.50033
1639,122,781.25,2105.2999999991807,124.105,0.12665
1643,73,625.0,1592.0999999996475,74.592,0.14941
1645,147,468.75,2064.199999999218,149.064,0.08228
1647,178,312.5,2101.2999999991844,180.101,0.06981
1649,107,937.5,3342.099999998056,110.342,0.59219
1650,122,625.0,1661.1999999995846,123.661,0.02903
1652,127,1093.75,2550.8999999987755,129.551,0.19187
1653,89,1250.0,4839.2000000000735,93.839,1.3646
1655,115,1093.75,4281.599999998045,119.282,0.99055
1656,86,5625.0,2115.999999999171,88.116,0.61902
1657,168,156.25,1078.9000000001142,169.079,0.00534
1663,134,4218.75,1074.5000000001182,135.075,0.1002
1666,82,312.5,3468.9999999979404,85.469,0.73787
1668,62,1093.75,1026.7000000001617,63.027,0.02812
1669,80,2500.0,2562.0999999987653,82.562,0.76465
1679,52,156.25,1166.100000000035,53.166,0.04516
1680,126,937.5,3678.29999999775,129.678,0.34201
1681,93,625.0,5925.100000004024,98.925,1.62819
1682,218,468.75,993.5000000001573,218.994,0.00931
1684,79,2343.75,1486.1999999997438,80.486,0.11676
1685,130,156.25,3996.9999999974602,133.997,0.37102
1689,115,5156.25,942.2000000001457,115.942,0.09716
1690,82,1718.75,2038.4999999992415,84.038,0.24205
1690,83,12500.0,1038.500000000151,84.039,0.24205
1694,91,1875.0,3475.4999999979345,94.475,1.19879
1694,94,41093.75,475.5000000000396,94.476,1.19879
1697,126,2187.5,4121.899999997464,130.122,0.25397
1698,73,8281.25,206.09999999999258,73.206,0.03413
1699,163,1093.75,138.8999999999964,163.139,0.00304
1701,126,312.5,3461.899999997947,129.462,0.36913
1703,149,312.5,2831.1999999985205,151.831,0.02601
1704,144,156.25,2202.999999999092,146.203,0.06346
1707,128,2656.25,2254.299999999045,130.254,0.31019
1709,77,156.25,8501.400000013396,85.501,1.59262
1712,49,1406.25,1304.3999999999091,50.304,0.04429
1714,73,781.25,70.60000000000026,73.071,0.0011
1717,51,3125.0,586.7000000000648,51.587,0.03667
1718,139,1875.0,3552.999999997864,142.553,0.47362
1719,102,156.25,6025.000000004387,108.025,1.51878
1720,85,13906.25,1935.9999999993347,86.936,1.20006
1723,68,1562.5,900.8000000001363,68.901,0.02815
1725,75,625.0,1541.7999999996932,76.542,0.0599
1726,183,1718.75,308.90000000000174,183.309,0.01062
1727,136,312.5,3113.5999999982637,139.114,0.06967
1728,129,2656.25,537.1000000000536,129.537,0.02853
1729,138,312.5,3290.499999998103,141.29,0.03266
1729,140,156.25,2290.4999999990123,142.29,0.03266
1729,142,156.25,290.49999999999756,142.291,0.03266
1730,75,937.5,35.80000000000024,75.036,0.00067
1732,127,625.0,2890.7999999984663,129.891,0.10499
1732,129,937.5,1890.7999999993758,130.891,0.10499
1734,219,156.25,2350.399999998958,221.35,0.09991
1736,154,156.25,1548.7999999996869,155.549,0.02713
1741,83,6562.5,651.9000000000797,83.652,0.08556
1742,87,1562.5,3390.8999999980115,90.391,0.89839
1743,53,937.5,288.3999999999971,53.288,0.00541
1747,81,5312.5,616.7000000000717,81.617,0.06552
1748,172,781.25,6.499999999999993,172.006,0.0001
1749,175,312.5,4485.499999998787,179.485,0.19478
1749,179,3437.5,485.5000000000419,179.486,0.19478
1750,52,1093.75,163.599999999995,52.164,0.00358
1751,55,2343.75,4.6,55.005,0.00021
1752,129,3593.75,1212.199999999993,130.212,0.16401
1753,115,937.5,4421.199999998553,119.421,1.47835
1755,159,2968.75,29.800000000000153,159.03,0.00177
1756,51,781.25,1299.7999999999133,52.3,0.04653
1758,128,312.5,3899.9999999975485,131.9,0.82027
1761,77,2500.0,3.0000000000000013,77.003,0.00015
1762,83,7031.25,2369.3999999989405,85.369,0.76263
1764,114,625.0,6203.400000005036,120.203,0.84281
1766,86,5781.25,1114.300000000082,87.114,0.17702
1768,51,1250.0,1499.3999999997318,52.499,0.11706
1770,162,1250.0,476.50000000003985,162.477,0.01191
1772,83,1250.0,1209.2999999999956,84.209,0.07993
1776,146,312.5,2131.399999999157,148.131,0.08492
1777,88,1406.25,3113.299999998264,91.113,0.52404
1781,101,781.25,4871.500000000191,105.872,2.17287
1781,102,9062.5,3871.4999999975744,105.871,2.17287
1783,128,781.25,2509.2999999988133,130.509,0.62231
1784,56,4531.25,2.2000000000000006,56.002,0.0002
1789,183,312.5,1013.3000000001618,184.013,0.00654
1793,131,1406.25,3282.9999999981096,134.283,0.43828
1795,144,1562.5,1262.8999999999469,145.263,0.05836
1798,74,156.25,1088.4000000001056,75.088,0.01334
1799,192,312.5,1088.2000000001058,193.088,0.01149
1802,133,937.5,1482.2999999997473,134.482,0.04889
1803,169,1875.0,41.40000000000032,169.041,0.00155
1805,177,1406.25,126.09999999999711,177.126,0.00354
1808,82,4375.0,1165.7000000000353,83.166,0.21901
1809,156,156.25,2196.5999999990977,158.197,0.09868
1811,84,2343.75,187.59999999999363,84.188,0.00879
1812,86,937.5,2180.5999999991122,88.181,0.40714
1813,164,781.25,1132.9000000000651,165.133,0.01853
1815,50,156.25,2298.9999999990046,52.299,0.12907
1817,99,156.25,4217.299999997811,103.217,1.07067
1818,182,937.5,0.4,182.0,1e-05
1822,127,1250.0,1676.8999999995704,128.677,0.09268
1823,83,2343.75,9.399999999999983,83.009,0.00044
1824,54,1093.75,85.19999999999943,54.085,0.00186
1826,126,156.25,4089.699999997376,130.09,0.23271
1831,82,2343.75,3691.9999999977376,85.692,1.41532
1833,86,625.0,2436.09999999888,88.436,0.44447
1837,151,312.5,3027.299999998342,154.027,0.11253
1839,136,5000.0,376.60000000001713,136.377,0.03766
1841,90,3437.5,2392.5999999989194,92.393,0.73702
1845,51,4062.5,1061.1000000001304,52.061,0.1131
1847,87,937.5,1284.699999999927,88.285,0.08725
1848,93,4843.75,1103.1000000000922,94.103,0.17381
1850,137,1250.0,1910.5999999993578,138.911,0.07053
1851,186,781.25,195.0999999999932,186.195,0.00305
1853,97,1406.25,5442.600000002269,102.443,1.14284
1856,163,468.75,1120.5000000000764,164.121,0.0154
1856,164,2031.25,120.49999999999743,164.12,0.0154
1859,130,2656.25,1156.200000000044,131.156,0.07753
1861,50,1250.0,1028.2000000001603,51.028,0.02755
1863,179,625.0,1097.1000000000977,180.097,0.02494
1864,127,625.0,7850.5000000110285,134.851,0.89424
1864,131,1406.25,3850.4999999975935,134.85,0.89424
1866,182,156.25,1578.4999999996598,183.578,0.01397
1866,183,781.25,578.500000000063,183.579,0.01397
1867,53,4062.5,208.49999999999244,53.208,0.01693
1869,136,1250.0,3186.3999999981975,139.186,0.41136
1870,133,1250.0,3952.099999997501,136.952,0.39234
1872,186,312.5,856.0000000001261,186.856,0.00535
1876,167,1250.0,1612.7999999996287,168.613,0.09011
1877,87,7187.5,95.99999999999882,87.096,0.0138
1878,84,1250.0,4.899999999999999,84.005,0.00012
1879,94,5312.5,1256.6999999999525,95.257,0.33414
1881,156,2031.25,769.7000000001065,156.77,0.03127
1888,175,3593.75,180.39999999999404,175.18,0.01296
1891,95,1718.75,3166.099999998216,98.166,0.65042
1895,225,312.5,204.79999999999265,225.205,0.00128
1899,132,156.25,3684.2999999977446,135.684,0.28142
1900,86,23906.25,412.0000000000252,86.412,0.19694
1901,139,312.5,5665.100000003078,144.665,0.97095
1902,86,937.5,148.49999999999585,86.148,0.00278
1903,235,312.5,573.8000000000619,235.574,0.00359
1904,147,156.25,6388.000000005708,153.388,0.43673
1906,187,156.25,1005.30000000016,188.005,0.00326
1907,86,781.25,1104.3000000000911,87.104,0.03746
1908,122,625.0,5648.000000003016,127.648,0.94672
1910,211,781.25,103.4999999999984,211.103,0.00162
1911,128,156.25,3358.599999998041,131.359,0.30557
1914,87,1250.0,1992.2999999992835,88.992,0.19865
1915,300,156.25,0.1,300.0,0.0
1922,156,468.75,1329.3999999998864,157.329,0.02996
1924,184,156.25,1314.6999999998998,185.315,0.01492
1928,142,1875.0,2059.999999999222,144.06,0.14055
1929,108,937.5,3165.999999998216,111.166,1.03106
1930,56,5625.0,1.3,56.001,0.00014
1931,137,625.0,3709.6999999977215,140.71,0.21421
1933,155,1406.25,1511.8999999997204,156.512,0.06811
1937,54,12656.25,29.000000000000142,54.029,0.00734
1938,250,156.25,462.00000000003655,250.462,0.00144
1940,95,2500.0,1805.6999999994532,96.806,0.23882
1941,89,1718.75,66.30000000000051,89.066,0.00228
1947,125,1093.75,2791.999999998556,127.792,0.16852
1950,217,781.25,684.6000000000871,217.685,0.0107
1951,169,156.25,1286.899999999925,170.287,0.03539
1952,99,1093.75,3923.599999997527,102.924,0.89329
1955,102,1250.0,3146.5999999982337,105.147,0.63175
1956,98,2187.5,2733.2999999986096,100.733,0.74621
1957,144,5156.25,2523.6999999988,146.524,0.55113
1958,212,312.5,1005.40000000016,213.005,0.00665
1959,147,937.5,1338.599999999878,148.339,0.03462
1966,127,2968.75,3162.3999999982193,130.162,0.75486
1970,189,1093.75,902.0000000001365,189.902,0.01973
1971,92,7031.25,481.80000000004105,92.482,0.06775
1974,54,5468.75,4.000000000000002,54.004,0.00043
1975,218,156.25,3152.0999999982287,221.152,0.05468
1976,193,781.25,1342.2999999998747,194.342,0.04878
1977,131,2031.25,2237.1999999990608,133.237,0.18508
1978,54,1093.75,73.80000000000008,54.074,0.00161
1980,88,781.25,1205.9999999999986,89.206,0.04137
1982,91,10468.75,26.80000000000011,91.027,0.0056
1985,136,2500.0,4385.699999998424,140.386,1.42291
1990,250,156.25,1849.5999999994133,251.85,0.01374
1992,90,2656.25,795.2000000001123,90.795,0.04224
1994,52,156.25,1076.1000000001168,53.076,0.01311
1995,142,781.25,4688.399999999525,146.688,1.26169
1999,630,312.5,2928.1999999984323,632.928,0.02723
1999,634,156.25,928.2000000001425,634.928,0.02723
2001,188,625.0,1754.4999999994998,189.754,0.05494
2001,189,2187.5,754.500000000103,189.755,0.05494
2004,286,156.25,1238.1999999999694,287.238,0.00461
2006,53,1250.0,127.49999999999703,53.127,0.00319
2008,246,156.25,2278.799999999023,248.279,0.01199
2008,251,156.25,278.7999999999949,251.279,0.01199
2013,150,625.0,4069.0999999973947,154.069,0.13439
2015,133,4062.5,720.3000000000952,133.72,0.05852
2016,158,937.5,4137.19999999752,162.137,0.23405
2019,165,3125.0,1389.099999999832,166.389,0.15489
2022,51,1093.75,976.7000000001535,51.977,0.02136
2026,224,1250.0,1351.799999999866,225.352,0.04478
2027,104,625.0,5049.700000000839,109.05,0.81173
2029,171,312.5,1379.8999999998405,172.38,0.02049
2030,101,312.5,5627.700000002942,106.628,1.58368
2033,156,781.25,2237.99999999906,158.238,0.06681
2037,303,468.75,11.999999999999973,303.012,0.00011
2038,181,781.25,1005.30000000016,182.005,0.01616
2039,138,1406.25,2858.9999999984952,140.859,0.23109
2050,88,937.5,1453.099999999774,89.453,0.16742
2053,96,937.5,1501.1999999997302,97.501,0.12525
2054,93,625.0,206.99999999999253,93.207,0.00259
2058,370,468.75,406.700000000024,370.407,0.00381
2061,266,781.25,677.1000000000854,266.677,0.01058
2063,155,156.25,2814.4999999985357,157.814,0.07359
2063,157,3281.25,814.5000000001166,157.815,0.07359
2065,221,156.25,2955.6999999984073,223.956,0.04535
2066,294,312.5,3024.399999998345,297.024,0.05404
2067,51,468.75,354.100000000012,51.354,0.00332
2068,151,625.0,2723.899999998618,153.724,0.18864
2072,160,1093.75,3930.099999997521,163.93,0.54457
2074,255,156.25,2383.9999999989273,257.384,0.02955
2075,160,937.5,2565.0999999987625,162.565,0.12037
2078,242,156.25,3372.799999998028,245.373,0.04173
2083,117,156.25,5679.200000003129,122.679,1.02696
2086,113,2187.5,3852.299999997592,116.852,1.6199
2087,144,937.5,3372.799999998028,147.373,0.35329
2090,376,156.25,1336.49999999988,377.336,0.00523
2090,378,156.25,336.500000000008,378.337,0.00523
2092,285,156.25,3613.1999999978093,288.613,0.05424
2093,141,1250.0,2113.1999999991735,143.113,0.12705
2094,368,156.25,12.599999999999971,368.013,4e-05
2095,185,2343.75,1246.5999999999617,186.247,0.07384
2101,97,1562.5,1745.0999999995083,98.745,0.19656
2102,93,937.5,1064.3000000001275,94.064,0.05088
2103,183,312.5,2368.4999999989413,185.368,0.05313
2103,185,1718.75,368.5000000000153,185.369,0.05313
2104,90,5468.75,357.6000000000128,90.358,0.0391
2105,97,1250.0,2896.799999998461,99.897,1.00331
2106,102,625.0,2026.4999999992524,104.026,0.24771
2106,103,9843.75,1026.500000000162,104.027,0.24771
2109,269,312.5,1064.800000000127,270.065,0.00989
2110,150,625.0,2911.6999999984473,152.912,0.19925
2111,148,1562.5,3063.2999999983094,151.063,0.23255
2112,109,5625.0,1703.699999999546,110.704,0.57644
2113,54,20468.75,0.5,54.001,0.00018
2114,125,1718.75,3805.899999997634,128.806,0.49348
2116,310,312.5,1277.7999999999333,311.278,0.00972
2117,176,468.75,1742.2999999995109,177.742,0.04649
2118,151,1093.75,1188.8000000000143,152.189,0.05904
2120,110,4062.5,1713.9999999995366,111.714,0.32221
2123,156,312.5,4056.0999999974065,160.056,0.30102
2126,52,6406.25,299.29999999999956,52.299,0.03834
2128,87,1562.5,1081.5000000001119,88.082,0.05492
2129,272,781.25,1067.8000000001243,273.068,0.01795
2130,87,3437.5,525.700000000051,87.526,0.03614
2133,176,156.25,2336.79999999897,178.337,0.04502
2136,438,156.25,2097.099999999188,440.097,0.01119
2138,430,625.0,690.5000000000884,430.691,0.00863
2139,386,312.5,2307.299999998997,388.307,0.02139
2140,54,625.0,99.59999999999862,54.1,0.00124
2142,93,625.0,1730.7999999995213,94.731,0.081
2144,277,312.5,2619.8999999987127,279.62,0.06268
2145,102,5625.0,1220.5999999999854,103.221,0.17383
2148,127,1250.0,4302.29999999812,131.302,0.63934
2150,307,625.0,1127.1000000000704,308.127,0.01845
2151,292,156.25,2454.599999998863,294.455,0.02386
2151,295,781.25,454.60000000003487,295.455,0.02386
2153,52,312.5,104.99999999999831,52.105,0.00066
2157,197,312.5,3585.2999999978347,200.585,0.0785
2159,94,1718.75,1754.2999999995,95.754,0.15458
2162,306,1718.75,227.19999999999138,306.227,0.00781
2163,316,625.0,759.6000000001042,316.76,0.00949
2166,204,781.25,1591.499999999648,205.591,0.0415
2166,205,1406.25,591.5000000000659,205.592,0.0415
2167,331,781.25,1468.1999999997602,332.468,0.03757
2172,158,937.5,3437.599999997969,161.438,0.31504
2178,99,312.5,1361.9999999998568,100.362,0.04697
2179,282,625.0,1179.9000000000224,283.18,0.02431
2180,128,1875.0,3818.999999997622,131.819,0.54652
2181,115,2656.25,3737.1999999976965,118.737,1.68959
2187,100,3437.5,856.4000000001262,100.856,0.05888
2189,347,937.5,732.9000000000981,347.733,0.01374
2190,290,937.5,564.0000000000597,290.564,0.01057
2191,57,1406.25,502.8000000000458,57.503,0.01414
2193,168,468.75,5385.1000000020595,173.385,0.31088
2194,99,1562.5,1907.6999999993604,100.908,0.1986
2196,132,1406.25,4426.399999998572,136.426,0.47755
2197,125,2812.5,4086.9999999973784,129.087,1.14209
2201,141,312.5,3101.8999999982743,144.102,0.23867
2202,167,2187.5,1646.399999999598,168.646,0.09021
2206,78,1406.25,7.499999999999989,78.007,0.00021
2208,91,937.5,1713.8999999995367,92.714,0.10129
2209,77,3437.5,2.0000000000000004,77.002,0.00013
2210,309,4843.75,79.89999999999974,309.08,0.00773
2212,314,781.25,366.4000000000148,314.366,0.00572
2213,90,7031.25,1077.8000000001152,91.078,0.19676
2214,179,312.5,3952.399999997501,182.952,0.27053
2215,339,937.5,196.39999999999313,339.196,0.00368
2220,317,781.25,490.7000000000431,317.491,0.00767
2221,316,937.5,1052.2000000001385,317.052,0.02038
2223,81,781.25,29.800000000000153,81.03,0.00046
2226,205,2187.5,1568.399999999669,206.568,0.1219
2227,118,781.25,2390.2999999989215,120.39,0.6339
2230,305,2031.25,772.6000000001071,305.773,0.03138
2231,250,312.5,1040.1000000001495,251.04,0.00725
2232,162,156.25,3083.8999999982907,165.084,0.03466
2235,152,1406.25,3333.6999999980635,155.334,0.26151
2237,156,1562.5,3033.3999999983366,159.033,0.23333
2238,127,312.5,5894.000000003911,132.894,0.3063
2240,161,625.0,3310.6999999980844,164.311,0.24554
2243,112,1562.5,1183.0000000000196,113.183,0.04954
2244,267,156.25,1643.299999999601,268.643,0.00715
2245,324,4687.5,224.8999999999915,324.225,0.02108
2246,234,156.25,2556.79999999877,236.557,0.02677
2248,340,937.5,806.3000000001148,340.806,0.01512
2249,189,2500.0,2532.3999999987923,191.532,0.21049
2250,92,312.5,2760.399999998585,94.76,0.07239
2251,80,1875.0,20.600000000000023,80.021,0.00077
2254,323,625.0,1974.5999999992996,324.975,0.05514
2255,104,937.5,2913.299999998446,106.913,1.05823
2260,382,156.25,228.6999999999913,382.229,0.00071
2261,221,312.5,1161.500000000039,222.162,0.00877
2261,222,468.75,161.4999999999951,222.161,0.00877
2262,143,2187.5,3051.79999999832,146.052,0.43772
2263,51,937.5,249.5999999999901,51.25,0.00468
2264,170,625.0,3371.599999998029,173.372,0.29183
2265,51,625.0,18.499999999999993,51.019,0.00023
2266,80,21718.75,0.2,80.0,7e-05
2267,98,312.5,2328.199999998978,100.328,0.07437
2268,216,468.75,2113.4999999991733,218.113,0.04772
2268,217,1093.75,1113.5000000000828,218.114,0.04772
2270,304,468.75,1729.3999999995226,305.729,0.02305
2271,354,156.25,1396.899999999825,355.397,0.03413
2272,367,156.25,4547.999999999014,371.548,0.10158
2274,217,1875.0,1743.0999999995101,218.743,0.09555
2275,74,1250.0,5.299999999999997,74.005,0.00013
2281,59,156.25,356.10000000001247,59.356,0.00111
2282,102,7812.5,1074.800000000118,103.075,0.19505
2285,102,4687.5,890.800000000134,102.891,0.08351
2286,175,1093.75,4066.0999999973974,179.066,0.27781
2289,383,156.25,777.7000000001083,383.778,0.00243
2290,371,312.5,363.7000000000142,371.364,0.00227
2291,172,3437.5,1280.399999999931,173.28,0.1362
2292,328,156.25,2125.899999999162,330.126,0.01252
2292,330,156.25,1125.9000000000715,331.126,0.01252
2293,111,4062.5,44.50000000000036,111.044,0.00361
2294,74,5156.25,1.3,74.001,0.00013
2296,294,1250.0,818.5000000001176,294.819,0.02046
2297,123,156.25,3231.799999998156,126.232,0.31018
2298,102,937.5,2208.599999999087,104.209,0.14292
2301,92,12500.0,162.19999999999507,92.162,0.04053
2303,296,1875.0,1020.3000000001634,297.02,0.0394
2304,168,2968.75,2197.0999999990972,170.197,0.28791
2306,313,468.75,2366.3999999989433,315.366,0.06071
2310,222,312.5,1997.4999999992788,223.997,0.09041
2310,223,3906.25,997.5000000001583,223.998,0.09041
2311,119,3281.25,1371.1999999998484,120.371,0.20482
2313,133,2343.75,2250.299999999049,135.25,0.36734
2315,91,1406.25,1068.4000000001238,92.068,0.04904
2317,112,5937.5,75.00000000000001,112.075,0.00891
2323,74,781.25,80.19999999999972,74.08,0.00125
2326,354,156.25,2016.7999999992612,356.017,0.0397
2329,203,468.75,2142.599999999147,205.143,0.05489
2331,155,937.5,3645.7999999977797,158.646,0.25865
2334,137,156.25,4865.70000000017,141.866,0.31208
2336,217,468.75,1858.599999999405,218.859,0.08182
2337,134,1093.75,3789.499999997649,137.789,0.47253
2337,137,3281.25,789.500000000111,137.79,0.47253
2338,290,1562.5,1496.7999999997342,291.497,0.07782
2339,282,468.75,3087.1999999982877,285.087,0.12189
2340,211,156.25,4454.299999998673,215.454,0.09317
2341,111,1250.0,445.20000000003273,111.445,0.01113
2344,307,7031.25,987.2000000001559,307.987,0.13882
2345,159,1250.0,2033.2999999992462,161.033,0.13007
2347,202,1406.25,1186.900000000016,203.187,0.05324
2348,186,468.75,2526.299999998798,188.526,0.08091
2349,211,1406.25,1108.3000000000875,212.108,0.03591
2352,164,312.5,4055.1999999974073,168.055,0.42298
2355,353,156.25,2549.9999999987763,355.55,0.02797
2360,86,7656.25,718.9000000000949,86.719,0.11007
2366,197,1562.5,135.89999999999657,197.136,0.00424
2367,305,156.25,2521.899999998802,307.522,0.07596
2368,93,468.75,1395.3999999998264,94.395,0.03779
2369,53,312.5,505.3000000000464,53.505,0.00316
2371,129,781.25,1686.9999999995612,130.687,0.14014
2372,328,625.0,774.5000000001075,328.775,0.00968
2375,96,1875.0,1074.4000000001183,97.074,0.05051
2376,136,2968.75,2281.99999999902,138.282,0.44802
2377,126,156.25,6241.400000005175,132.241,0.76839
2378,122,312.5,1816.4999999994434,123.816,0.03176
2378,123,1250.0,816.5000000001171,123.817,0.03176
2379,191,156.25,2082.6999999992013,193.083,0.0429
2381,281,1406.25,1675.6999999995714,282.676,0.09781
2384,270,156.25,3544.6999999978716,273.545,0.08033
2385,156,1875.0,1348.7999999998688,157.349,0.08764
2386,195,1875.0,288.19999999999703,195.288,0.01081
2387,293,1093.75,1158.9000000000415,294.159,0.0318
2388,173,1718.75,1931.8999999993384,174.932,0.12465
2390,300,2500.0,1204.1000000000004,301.204,0.0787
2392,64,2343.75,33.400000000000205,64.033,0.00156
2394,111,1875.0,501.0000000000454,111.501,0.01879
2395,112,1562.5,523.7000000000505,112.524,0.01636
2399,155,2812.5,437.2000000000309,155.437,0.02459
2400,266,312.5,2330.399999998976,268.33,0.04765
2401,308,156.25,4218.299999997815,312.218,0.04119
2401,310,156.25,3218.2999999981685,313.218,0.04119
2402,288,10000.0,63.700000000000635,288.064,0.01272
2403,177,3906.25,1604.799999999636,178.605,0.1953
2404,116,156.25,1155.2000000000448,117.155,0.00846
2405,315,312.5,2839.699999998513,317.84,0.08172
2408,313,312.5,3899.0999999975493,316.899,0.08371
2417,220,156.25,1361.4999999998572,221.361,0.01442
2417,221,1406.25,361.5000000000137,221.362,0.01442
2419,184,625.0,1480.1999999997493,185.48,0.03501
2420,206,781.25,1150.4000000000492,207.15,0.02643
2422,135,8750.0,880.1000000001316,135.88,0.15401
2424,69,1718.75,16.699999999999967,69.017,0.00057
2425,329,156.25,4169.899999997639,333.17,0.23504
2426,189,468.75,1621.299999999621,190.621,0.03073
2427,70,937.5,10.399999999999979,70.01,0.00019
2434,57,9687.5,5.099999999999998,57.005,0.00098
2436,264,781.25,2253.7999999990457,266.254,0.15715
2439,126,3281.25,983.6000000001551,126.984,0.06455
2441,116,3281.25,3261.499999998129,119.261,1.21208
2442,116,1406.25,552.8000000000571,116.553,0.01554
2443,134,2812.5,1135.1000000000631,135.135,0.08791
2447,282,156.25,3180.399999998203,285.18,0.021
2447,286,156.25,180.39999999999404,286.18,0.021
2448,322,468.75,1819.6999999994405,323.82,0.01962
2449,255,1562.5,2417.199999998897,257.417,0.1748
2450,267,156.25,2586.699999998743,269.587,0.03817
2452,320,468.75,4898.60000000029,324.899,0.41241
2453,181,156.25,3215.299999998171,184.215,0.11042
2455,258,625.0,2223.1999999990735,260.223,0.11651
2456,262,156.25,2462.399999998856,264.462,0.12754
2457,405,468.75,1166.2000000000348,406.166,0.0156
2458,139,2500.0,1662.999999999583,140.663,0.15358
2460,167,156.25,2708.8999999986318,169.709,0.07828
2461,179,625.0,1419.0999999998048,180.419,0.02821
2463,145,5156.25,417.4000000000264,145.417,0.04304
2465,310,468.75,3382.2999999980193,313.382,0.21597
2468,169,3281.25,383.6000000000187,169.384,0.02517
2471,140,1718.75,1076.3000000001166,141.076,0.04843
2472,293,156.25,2134.9999999991537,295.135,0.02339
2473,238,156.25,4186.199999997698,242.186,0.1184
2473,241,1250.0,2186.199999999107,243.186,0.1184
2474,291,1093.75,2282.7999999990193,293.283,0.15968
2475,162,781.25,1472.799999999756,163.473,0.04665
2476,151,1562.5,495.2000000000441,151.495,0.01547
2481,149,3750.0,471.30000000003866,149.471,0.03534
2482,284,156.25,2451.7999999988656,286.452,0.01502
2484,265,625.0,2769.3999999985767,267.769,0.09256
2492,240,312.5,1174.1000000000276,241.174,0.02148
2493,99,781.25,8.299999999999986,99.008,0.00013
2494,292,312.5,1301.299999999912,293.301,0.01096
2496,72,6406.25,1.6000000000000003,72.002,0.0002
2497,256,468.75,5448.100000002289,261.448,0.29823
2498,155,4843.75,106.29999999999824,155.106,0.01029
2502,154,3593.75,1135.4000000000628,155.135,0.09683
2503,159,937.5,176.59999999999425,159.177,0.00331
2504,164,312.5,1179.8000000000225,165.18,0.05401
2505,176,3281.25,832.1000000001206,176.832,0.0546
2506,123,3437.5,32.9000000000002,123.033,0.00226
2512,146,156.25,2060.6999999992213,148.061,0.11481
2515,216,1562.5,278.99999999999494,216.279,0.00872
2516,187,625.0,1238.7999999999688,188.239,0.02369
2517,170,625.0,1343.3999999998737,171.343,0.02645
2518,165,4218.75,261.89999999999105,165.262,0.02209
2521,280,625.0,4197.89999999774,284.198,0.1486
2522,128,781.25,969.4000000001519,128.969,0.01515
2529,115,3437.5,21.20000000000003,115.021,0.00145
2533,149,781.25,422.00000000002746,149.422,0.00659
2534,96,937.5,1315.0999999998994,97.315,0.14184
2536,233,468.75,3131.4999999982474,236.131,0.1689
2536,235,2031.25,1131.5000000000664,236.132,0.1689
2540,140,7031.25,347.9000000000106,140.348,0.04892
2542,250,937.5,2804.7999999985445,252.805,0.148
2543,257,312.5,2923.2999999984368,259.923,0.0803
2544,253,156.25,5851.900000003758,258.852,0.31307
2544,257,312.5,2851.8999999985017,259.852,0.31307
2545,203,3437.5,363.10000000001406,203.363,0.02496
2548,144,156.25,3133.4999999982456,147.133,0.04292
2548,146,156.25,1133.5000000000646,147.134,0.04292
2550,94,4375.0,1016.9000000001627,95.017,0.09653
2551,110,1093.75,1001.6000000001592,111.002,0.02238
2552,244,156.25,3212.299999998174,247.212,0.03827
2553,158,2968.75,52.70000000000048,158.053,0.00312
2556,206,468.75,442.60000000003214,206.443,0.00415
2558,226,468.75,2657.4999999986785,228.657,0.06314
2558,228,937.5,657.500000000081,228.658,0.06314
2559,248,1093.75,942.4000000001457,248.942,0.02061
2565,231,2968.75,2092.699999999192,233.093,0.22183
2567,158,4062.5,57.50000000000055,158.058,0.00467
2569,245,781.25,4515.699999998897,249.516,0.21758
2570,265,1875.0,1390.399999999831,266.39,0.07532
2573,241,2031.25,351.60000000001145,241.352,0.01428
2577,163,937.5,1086.2000000001076,164.086,0.03329
2580,137,2500.0,1347.6999999998698,138.348,0.11628
2582,149,1718.75,73.4000000000001,149.073,0.00252
2584,196,625.0,1477.4999999997517,197.477,0.03339
2584,197,1562.5,477.5000000000401,197.478,0.03339
2587,271,1562.5,166.09999999999485,271.166,0.00519
2588,220,4843.75,2126.999999999161,222.127,0.33814
2592,181,156.25,815.0000000001168,181.815,0.00255
2596,224,156.25,3240.699999998148,227.241,0.08257
2597,145,1406.25,735.7000000000987,145.736,0.02069
2599,142,2968.75,813.5000000001164,142.814,0.0483
2600,160,1562.5,600.1000000000679,160.6,0.01875
2602,157,781.25,711.7000000000933,157.712,0.01112
2603,151,1250.0,1443.9999999997822,152.444,0.06384
2604,256,156.25,8782.50000001442,264.783,0.77048
2604,260,781.25,4782.499999999867,264.782,0.77048
2605,168,4375.0,390.5000000000203,168.391,0.03416
2606,253,468.75,2179.3999999991133,255.179,0.03205
2608,243,625.0,4093.099999997373,247.093,0.3918
2609,229,625.0,3625.799999997798,232.626,0.69107
2612,164,156.25,1236.299999999971,165.236,0.01272
2613,229,3437.5,243.09999999999047,229.243,0.01671
2615,237,312.5,2724.099999998618,239.724,0.0445
2617,418,1250.0,1039.0000000001505,419.039,0.04584
2618,165,156.25,734.7000000000985,165.735,0.0023
2619,101,3593.75,741.4000000001,101.741,0.05328
2621,242,781.25,736.700000000099,242.737,0.01151
2623,248,312.5,2461.399999998857,250.461,0.06321
2625,195,625.0,2479.5999999988403,197.48,0.17814
2628,255,1093.75,1048.1000000001422,256.048,0.02758
2630,214,625.0,2091.1999999991936,216.091,0.16114
2631,240,312.5,6502.5000000061245,246.503,0.45979
2631,242,625.0,4502.499999998849,246.502,0.45979
2636,253,1562.5,87.99999999999928,253.088,0.00275
2637,224,1093.75,3798.5999999976407,227.799,0.72429
2638,233,781.25,2045.8999999992348,235.046,0.07376
2640,166,8437.5,125.39999999999715,166.125,0.02115
2646,162,5000.0,37.000000000000256,162.037,0.00369
2651,97,10312.5,125.99999999999712,97.126,0.02598
2655,418,1093.75,1043.1000000001468,419.043,0.04945
2657,127,468.75,985.3000000001555,127.985,0.00924
2660,127,2187.5,220.99999999999173,127.221,0.00967
2662,250,625.0,1199.3000000000047,251.199,0.04176
2666,188,312.5,4783.899999999872,192.784,0.22949
2667,197,468.75,2253.7999999990457,199.254,0.1209
2668,139,1093.75,1584.6999999996542,140.585,0.07852
2669,162,1093.75,36.70000000000025,162.037,0.0008
2670,157,5000.0,18.9,157.019,0.00189
2672,222,625.0,3201.8999999981834,225.202,0.25232
2675,243,3281.25,398.30000000002207,243.398,0.02614
2677,252,781.25,105.69999999999827,252.106,0.00165
2680,232,3437.5,576.0000000000624,232.576,0.0396
2682,213,1718.75,2611.1999999987206,215.611,0.18316
2684,216,312.5,5348.400000001926,221.348,0.66728
2685,152,625.0,0.6,152.001,1e-05
2686,217,1875.0,3330.2999999980666,220.33,0.86254
2687,188,156.25,7893.600000011185,195.894,0.3212
2688,234,312.5,2509.1999999988134,236.509,0.04091
2690,219,781.25,1473.899999999755,220.474,0.03488
2691,126,2343.75,6.699999999999992,126.007,0.00031
2692,220,625.0,2037.6999999992422,222.038,0.10299
2693,211,625.0,1768.2999999994872,212.768,0.24056
2695,100,2343.75,1032.4000000001565,101.032,0.05305
2697,128,312.5,245.39999999999034,128.245,0.00153
2699,220,156.25,3688.399999997741,223.688,0.10982
2700,215,312.5,3676.4999999977517,218.676,0.21103
2700,218,5000.0,676.5000000000853,218.677,0.21103
2703,155,7812.5,0.2,155.0,2e-05
2705,95,3281.25,416.4000000000262,95.416,0.02732
2706,199,156.25,1137.1000000000613,200.137,0.00655
2710,496,2968.75,1229.9999999999768,497.23,0.15208
2711,216,1093.75,1384.899999999836,217.385,0.06517
2712,99,1718.75,1030.700000000158,100.031,0.04934
2715,199,156.25,18.9,199.019,6e-05
2722,223,625.0,2344.2999999989634,225.344,0.1901
2725,127,1406.25,5.1999999999999975,127.005,0.00014
2728,205,625.0,2637.9999999986962,207.638,0.22194
2731,200,468.75,5541.000000002627,205.541,0.73487
2733,220,1875.0,574.300000000062,220.574,0.02154
2739,152,1093.75,33.3000000000002,152.033,0.00073
2753,195,781.25,2120.199999999167,197.12,0.33057
2760,131,8750.0,35.10000000000023,131.035,0.00613
2765,184,156.25,1100.4000000000947,185.1,0.00532
2766,199,156.25,3716.3999999977154,202.716,0.33493
2767,200,937.5,5152.400000001213,205.152,0.79373
2772,205,3906.25,1063.3000000001284,206.063,0.09315
2773,195,2187.5,2482.199999998838,197.482,0.48785
2775,122,5781.25,84.49999999999947,122.085,0.00977
2777,190,156.25,2548.4999999987776,192.548,0.12854
2777,192,4375.0,548.5000000000562,192.549,0.12854
2778,220,468.75,2045.4999999992351,222.045,0.20481
2778,221,7968.75,1045.5000000001446,222.046,0.20481
2781,128,3750.0,3.2000000000000015,128.003,0.00024
2782,249,781.25,1262.699999999947,250.263,0.02794
2783,234,312.5,2449.8999999988673,236.45,0.04437
2785,259,468.75,1.8000000000000005,259.002,2e-05
2786,246,468.75,1484.1999999997456,247.484,0.0351
2793,120,156.25,264.3999999999916,120.264,0.00083
2794,235,156.25,3362.3999999980374,238.362,0.05304
2795,228,625.0,2741.799999998602,230.742,0.07448
2797,99,1406.25,1208.6999999999962,100.209,0.04965
2801,240,5000.0,608.7000000000698,240.609,0.06087
2802,260,1718.75,37.50000000000026,260.038,0.00129
2804,197,625.0,3222.7999999981644,200.223,0.18173
2810,272,156.25,82.2999999999996,272.082,0.00026
2811,511,156.25,2754.89999999859,513.755,0.02353
2812,183,312.5,2028.2999999992508,185.028,0.0232
2817,191,625.0,5130.100000001132,196.13,0.64013
2821,186,781.25,2640.7999999986937,188.641,0.10294
2826,293,625.0,1581.4999999996571,294.581,0.35955
2826,294,29218.75,581.5000000000637,294.582,0.35955
2830,120,625.0,17.999999999999986,120.018,0.00022
2832,295,156.25,63.80000000000064,295.064,0.0002
2833,183,312.5,2250.099999999049,185.25,0.06251
2834,101,781.25,442.70000000003216,101.443,0.00692
2838,228,1562.5,2236.3999999990615,230.236,0.19471
2843,172,312.5,2826.399999998525,174.826,0.07202
2846,172,937.5,20.800000000000026,172.021,0.00039
2851,210,312.5,3122.3999999982557,213.122,0.09029
2852,90,1875.0,815.6000000001169,90.816,0.03058
2864,192,468.75,3949.6999999975033,195.95,0.61146
2866,376,156.25,3072.2999999983012,379.072,0.04578
2869,294,17656.25,118.89999999999752,294.119,0.04198
2876,179,1562.5,2105.099999999181,181.105,0.15997
2886,101,2343.75,730.5000000000975,101.731,0.03424
2891,214,156.25,2906.1999999984523,216.906,0.06181
2892,165,2187.5,5.1999999999999975,165.005,0.00022
2898,235,156.25,3017.8999999983507,238.018,0.06044
2899,128,2187.5,1083.4000000001101,129.083,0.06225
2900,191,2656.25,1944.399999999327,192.944,0.18888
2901,162,2343.75,724.8000000000962,162.725,0.03397
2903,190,1875.0,1157.5000000000427,191.158,0.07047
2903,191,8593.75,157.49999999999534,191.157,0.07047
2904,184,781.25,6492.90000000609,190.493,0.84012
2905,161,468.75,0.1,161.0,0.0
2907,181,781.25,1622.5999999996197,182.623,0.12262
2910,258,1718.75,990.0000000001565,258.99,0.03403
2916,177,625.0,3094.699999998281,180.095,0.15943
2919,184,1093.75,1965.8999999993075,185.966,0.10639
2925,186,312.5,2447.799999998869,188.448,0.13955
2927,172,2031.25,1227.3999999999792,173.227,0.0797
2932,413,1406.25,18.599999999999994,413.019,0.00052
2935,282,156.25,1092.9000000001015,283.093,0.00458
2939,401,156.25,115.7999999999977,401.116,0.00036
2950,177,625.0,3055.3999999983166,180.055,0.12443
2952,124,312.5,3098.4999999982774,127.098,0.15682
2952,126,2968.75,1098.5000000000964,127.099,0.15682
2953,170,468.75,2997.999999998369,172.998,0.12169
2954,183,781.25,5104.300000001038,188.104,0.13543
2961,222,781.25,2157.3999999991333,224.157,0.08136
2962,160,1093.75,737.2000000000991,160.737,0.01612
2970,99,3593.75,753.4000000001028,99.753,0.05414
2972,364,3906.25,467.4000000000378,364.467,0.03651
2978,124,468.75,1207.1999999999975,125.207,0.0534
2981,399,312.5,2925.8999999984344,401.926,0.11851
2983,167,1250.0,1551.7999999996841,168.552,0.11294
2986,226,1875.0,1419.899999999804,227.42,0.10048
2990,160,2031.25,1697.2999999995518,161.697,0.15611
2993,122,4843.75,34.30000000000022,122.034,0.00332
2996,158,312.5,14.799999999999963,158.015,9e-05
3001,198,937.5,1172.1000000000295,199.172,0.03703
3003,151,781.25,1385.5999999998353,152.386,0.06382
3006,222,625.0,1807.6999999994514,223.808,0.05793
3010,209,937.5,1577.4999999996608,210.577,0.04943
3010,210,1718.75,577.5000000000628,210.578,0.04943
3019,117,1093.75,1802.8999999994558,118.803,0.14983
3024,256,1250.0,560.3000000000588,256.56,0.01401
3025,203,625.0,1754.8999999994994,204.755,0.03373
3027,122,1562.5,106.59999999999822,122.107,0.00333
3040,267,1718.75,834.9000000001213,267.835,0.0287
3041,174,625.0,2146.1999999991435,176.146,0.05159
3042,162,781.25,3058.099999998314,165.058,0.1574
3043,146,937.5,708.4000000000925,146.708,0.01328
3055,162,468.75,2158.1999999991326,164.158,0.07208
3061,250,156.25,10.899999999999977,250.011,3e-05
3062,258,1875.0,52.30000000000047,258.052,0.00196
3063,147,1875.0,37.80000000000027,147.038,0.00141
3068,139,3281.25,964.7000000001508,139.965,0.06331
3071,148,937.5,961.8000000001501,148.962,0.01803
3077,137,3125.0,2006.6999999992704,139.007,0.30295
3079,219,625.0,2477.0999999988426,221.477,0.06448
3085,162,625.0,1122.9000000000742,163.123,0.02364
3102,101,5000.0,354.8000000000122,101.355,0.03548
3106,158,625.0,1716.899999999534,159.717,0.08867
3109,105,625.0,1025.7000000001626,106.026,0.03338
3113,97,1718.75,1011.4000000001614,98.011,0.04007
3118,178,2343.75,887.5000000001332,178.888,0.0416
3123,236,1875.0,9.99999999999998,236.01,0.00037
3124,191,937.5,1311.9999999999022,192.312,0.04214
3132,190,937.5,1400.199999999822,191.4,0.03751
3133,150,3593.75,1224.4999999999818,151.224,0.13079
3136,334,312.5,1455.099999999772,335.455,0.01194
3136,336,312.5,455.100000000035,336.455,0.01194
3138,214,156.25,1485.5999999997443,215.486,0.02892
3139,125,312.5,3998.8999999974585,128.999,0.17177
3140,125,3593.75,213.99999999999213,125.214,0.01538
3144,97,19375.0,103.4999999999984,97.103,0.0401
3145,103,156.25,1181.6000000000208,104.182,0.05249
3153,139,2500.0,27.50000000000012,139.028,0.00137
3157,96,9531.25,74.90000000000002,96.075,0.01427
3162,170,468.75,1359.9999999998586,171.36,0.02062
3163,102,5000.0,174.1999999999944,102.174,0.01742
3170,195,4062.5,478.6000000000403,195.479,0.03888
3172,181,625.0,1027.2000000001613,182.027,0.0142
3183,251,1562.5,47.0000000000004,251.047,0.00147
3185,204,468.75,779.0000000001086,204.779,0.0073
3187,101,156.25,2044.8999999992357,103.045,0.05043
3189,201,625.0,1107.5000000000882,202.108,0.01619
3189,202,1093.75,107.49999999999817,202.107,0.01619
3191,111,6093.75,453.4000000000346,111.453,0.05525
3193,210,4218.75,131.09999999999684,210.131,0.01106
3196,209,1718.75,17.69999999999998,209.018,0.00061
3203,443,156.25,2293.999999999009,445.294,0.04007
3207,175,937.5,1773.4999999994825,176.773,0.04534
3207,176,781.25,773.5000000001073,176.774,0.04534
3208,177,312.5,1813.2999999994463,178.813,0.02658
3210,177,937.5,436.00000000003064,177.436,0.00817
3211,295,1093.75,1468.39999999976,296.468,0.06139
3213,311,1250.0,251.49999999999,311.251,0.00629
3217,140,1093.75,1413.6999999998097,141.414,0.05677
3219,355,2187.5,228.29999999999131,355.228,0.00998
3233,148,1875.0,190.39999999999347,148.19,0.00714
3239,296,468.75,2230.7999999990666,298.231,0.16033
3240,143,937.5,621.3000000000727,143.621,0.01165
3246,204,781.25,1022.900000000164,205.023,0.0167
3251,146,468.75,1663.4999999995825,147.663,0.03011
3251,147,1093.75,663.5000000000823,147.664,0.03011
3257,165,468.75,2019.6999999992586,167.02,0.04878
3259,105,9843.75,167.0999999999948,105.167,0.03289
3276,197,1718.75,1072.8000000001198,198.073,0.05484
3278,149,937.5,0.1,149.0,0.0
3284,197,2187.5,801.9000000001138,197.802,0.03508
3286,197,781.25,1192.2000000000112,198.192,0.03244
3292,94,1250.0,946.7000000001467,94.947,0.02367
3299,208,156.25,173.7999999999944,208.174,0.00054
3301,165,3437.5,135.69999999999658,165.136,0.00933
3302,205,625.0,1080.7000000001126,206.081,0.01578
3306,95,6093.75,411.90000000002516,95.412,0.05019
3309,86,3906.25,85.29999999999943,86.085,0.00666
3320,188,1875.0,343.1000000000095,188.343,0.01286
3322,366,312.5,1021.9000000001638,367.022,0.00721
3327,279,1093.75,1503.8999999997277,280.504,0.05494
3329,96,9687.5,361.20000000001363,96.361,0.06996
3331,104,11250.0,593.7000000000664,104.594,0.13357
3332,159,1093.75,537.4000000000536,159.537,0.01175
3334,85,781.25,1028.3000000001603,86.028,0.02145
3340,89,1093.75,460.30000000003616,89.46,0.01007
3349,99,1875.0,1041.4000000001483,100.041,0.06322
3351,92,937.5,280.79999999999535,92.281,0.00526
3356,85,1250.0,643.3000000000777,85.643,0.01608
3359,107,937.5,1161.4000000000392,108.161,0.03186
3362,111,2656.25,641.6000000000773,111.642,0.03408
3363,93,4375.0,184.5999999999938,93.185,0.01615
3368,200,625.0,191.4999999999934,200.191,0.00239
3371,85,9843.75,130.59999999999687,85.131,0.0257
3378,93,2187.5,1005.7000000001601,94.006,0.04552
3382,220,468.75,28.400000000000134,220.028,0.00027
3389,110,6562.5,333.9000000000074,110.334,0.04382
3393,92,2968.75,1180.300000000022,93.18,0.13147
3394,241,312.5,36.60000000000025,241.037,0.00023
3403,97,1093.75,1558.2999999996782,98.558,0.11259
3409,135,156.25,1071.0000000001214,136.071,0.00778
3419,89,1406.25,728.300000000097,89.728,0.02048
3436,85,2500.0,63.700000000000635,85.064,0.00318
3437,99,2812.5,917.6000000001401,99.918,0.05161
3443,82,1718.75,615.9000000000715,82.616,0.02117
3444,83,625.0,1429.1999999997956,84.429,0.04468
3449,89,1093.75,243.29999999999046,89.243,0.00532
3456,83,1093.75,208.9999999999924,83.209,0.00457
3462,87,2656.25,796.9000000001126,87.797,0.04233
3463,81,2812.5,433.7000000000301,81.434,0.02439
3473,204,156.25,2647.299999998688,206.647,0.08439
3483,89,2812.5,697.20000000009,89.697,0.03922
3485,81,3125.0,1143.9000000000551,82.144,0.10116
3491,83,5312.5,392.10000000002066,83.392,0.04165
3492,91,5781.25,16.29999999999996,91.016,0.00187
3495,92,156.25,3224.9999999981624,95.225,0.05664
3516,87,625.0,1114.300000000082,88.114,0.02214
3517,85,1875.0,251.89999999998997,85.252,0.00945
3520,230,468.75,1404.9999999998176,231.405,0.03595
3535,81,3437.5,227.79999999999134,81.228,0.01566
3536,85,2812.5,1794.0999999994638,86.794,0.32177
3538,181,4531.25,2.2000000000000006,181.002,0.00019
3551,89,3281.25,1008.1000000001607,90.008,0.07042
3559,87,1406.25,1404.699999999818,88.405,0.06985
3560,83,5937.5,23.000000000000057,83.023,0.00273
3562,225,1718.75,507.4000000000469,225.507,0.01744
3567,81,937.5,172.59999999999448,81.173,0.00324
3570,81,1718.75,1028.0000000001605,82.028,0.03883
3575,81,625.0,1325.6999999998898,82.326,0.05015
3605,88,937.5,381.00000000001813,88.381,0.00714
3620,225,1562.5,426.7000000000285,225.427,0.01333
3625,90,312.5,1207.2999999999975,91.207,0.08461
3629,81,2968.75,557.2000000000581,81.557,0.03308
3634,80,1250.0,1998.0999999992782,81.998,0.13104
3638,79,1562.5,1778.399999999478,80.778,0.09449
3639,79,468.75,1063.800000000128,80.064,0.01356
3653,77,625.0,342.5000000000094,77.343,0.00428
3655,89,4531.25,1137.500000000061,90.138,0.12198
3671,90,12812.5,35.10000000000023,90.035,0.00897
3681,76,625.0,43.80000000000035,76.044,0.00055
3690,76,312.5,2462.9999999988554,78.463,0.04982
3718,84,937.5,1290.299999999922,85.29,0.04505
3732,74,2187.5,754.700000000103,74.755,0.03301
3738,197,468.75,1012.8000000001617,198.013,0.01001
3740,80,5156.25,125.69999999999713,80.126,0.01296
3755,72,312.5,2976.699999998388,74.977,0.22418
3779,76,1718.75,2200.0999999990945,78.2,0.19877
3780,87,2343.75,1045.8000000001443,88.046,0.05916
3781,190,156.25,2947.5999999984147,192.948,0.03027
3783,191,156.25,1070.9000000001215,192.071,0.00578
3786,401,1406.25,15.59999999999996,401.016,0.00044
3791,75,1093.75,1495.0999999997357,76.495,0.04663
3794,85,781.25,579.8000000000633,85.58,0.00906
3800,73,1718.75,484.80000000004173,73.485,0.01666
3802,197,1875.0,362.60000000001395,197.363,0.0136
3814,75,2812.5,1057.5000000001337,76.058,0.07781
3825,74,781.25,1445.399999999781,75.445,0.12556
3827,194,11093.75,36.10000000000024,194.036,0.008
3829,203,781.25,56.50000000000053,203.056,0.00088
3874,194,3437.5,1012.6000000001617,195.013,0.02142
3880,73,937.5,2373.5999999989367,75.374,0.25328
3887,193,312.5,1026.7000000001617,194.027,0.01707
3888,192,312.5,58.50000000000056,192.059,0.00037
3893,79,12187.5,3.600000000000002,79.004,0.00086
3894,193,312.5,179.69999999999408,193.18,0.00112
3897,68,937.5,2772.199999998574,70.772,0.1356
3903,193,468.75,2031.8999999992475,195.032,0.04302
3911,192,625.0,3030.4999999983393,195.03,0.05187
3911,194,32031.25,1030.5000000001583,195.031,0.05187
3914,356,2968.75,136.8999999999965,356.137,0.00813
3915,58,312.5,4952.700000000486,62.953,0.26431
3924,74,156.25,1960.7999999993121,75.961,0.15024
3931,61,156.25,5106.900000001047,66.107,0.17185
3953,321,1093.75,161.4999999999951,321.161,0.00353
3963,318,781.25,2019.199999999259,320.019,0.14641
3966,360,156.25,4028.2999999974318,364.028,0.05723
3966,363,156.25,3028.2999999983413,366.028,0.05723
3966,369,156.25,2028.2999999992508,371.028,0.05723
3966,371,1093.75,1028.3000000001603,372.028,0.05723
3972,73,312.5,1279.9999999999313,74.28,0.04387
3987,73,156.25,2000.0999999992764,75.0,0.06196
4026,73,156.25,1496.1999999997347,74.496,0.12407
4029,73,312.5,1245.4999999999627,74.245,0.09752
4046,218,468.75,1211.9999999999932,219.212,0.02527
4066,281,625.0,600.1000000000679,281.6,0.0075
4081,90,156.25,1161.8000000000388,91.162,0.00616
4082,289,156.25,1382.499999999838,290.382,0.00552
4114,59,781.25,1065.8000000001261,60.066,0.02548
